{
  "bloodmnist": {
    "predictive_entropy": {
      "auroc": 0.6672367691258367,
      "auprc": 0.9045203588536359,
      "fpr_at_95_tpr": 0.844551282051282
    },
    "one_minus_max_softmax": {
      "auroc": 0.6672344268807292,
      "auprc": 0.9045197289799307,
      "fpr_at_95_tpr": 0.844551282051282
    },
    "mutual_information": {
      "auroc": 0.5,
      "auprc": 0.8457354758961682,
      "fpr_at_95_tpr": 1.0
    },
    "expected_entropy": {
      "auroc": 0.6672367691258367,
      "auprc": 0.9045203588536359,
      "fpr_at_95_tpr": 0.844551282051282
    },
    "softmax_variance_sum": {
      "auroc": 0.5,
      "auprc": 0.8457354758961682,
      "fpr_at_95_tpr": 1.0
    },
    "softmax_variance_max": {
      "auroc": 0.5,
      "auprc": 0.8457354758961682,
      "fpr_at_95_tpr": 1.0
    },
    "softmax_quantile_range_sum": {
      "auroc": 0.5,
      "auprc": 0.8457354758961682,
      "fpr_at_95_tpr": 1.0
    },
    "softmax_quantile_range_max": {
      "auroc": 0.5,
      "auprc": 0.8457354758961682,
      "fpr_at_95_tpr": 1.0
    }
  }
}