{
  "mean_sigma": 0.025574922561645508,
  "max_sigma": 0.02621646039187908,
  "sigma_norm": 0.8239352107048035,
  "train_size": 100
}