{
  "organamnist": {
    "predictive_entropy": {
      "auroc": 0.628491467774922,
      "auprc": 0.9774908206891241,
      "fpr_at_95_tpr": 0.9967948717948718
    },
    "one_minus_max_softmax": {
      "auroc": 0.6285084146784703,
      "auprc": 0.977509870272204,
      "fpr_at_95_tpr": 0.9983974358974359
    },
    "mutual_information": {
      "auroc": 0.5,
      "auprc": 0.9660906423214868,
      "fpr_at_95_tpr": 1.0
    },
    "expected_entropy": {
      "auroc": 0.628491467774922,
      "auprc": 0.9774908206891241,
      "fpr_at_95_tpr": 0.9967948717948718
    },
    "softmax_variance_sum": {
      "auroc": 0.5,
      "auprc": 0.9660906423214868,
      "fpr_at_95_tpr": 1.0
    },
    "softmax_variance_max": {
      "auroc": 0.5,
      "auprc": 0.9660906423214868,
      "fpr_at_95_tpr": 1.0
    },
    "softmax_quantile_range_sum": {
      "auroc": 0.5,
      "auprc": 0.9660906423214868,
      "fpr_at_95_tpr": 1.0
    },
    "softmax_quantile_range_max": {
      "auroc": 0.5,
      "auprc": 0.9660906423214868,
      "fpr_at_95_tpr": 1.0
    }
  }
}