{
  "organamnist": {
    "predictive_entropy": {
      "auroc": 0.7702995960146652,
      "auprc": 0.9906498922406555,
      "fpr_at_95_tpr": 1.0
    },
    "one_minus_max_softmax": {
      "auroc": 0.7702995509431133,
      "auprc": 0.9906499322401655,
      "fpr_at_95_tpr": 1.0
    },
    "mutual_information": {
      "auroc": 0.5,
      "auprc": 0.9660906423214868,
      "fpr_at_95_tpr": 1.0
    },
    "expected_entropy": {
      "auroc": 0.7702995960146652,
      "auprc": 0.9906498922406555,
      "fpr_at_95_tpr": 1.0
    },
    "softmax_variance_sum": {
      "auroc": 0.5,
      "auprc": 0.9660906423214868,
      "fpr_at_95_tpr": 1.0
    },
    "softmax_variance_max": {
      "auroc": 0.5,
      "auprc": 0.9660906423214868,
      "fpr_at_95_tpr": 1.0
    },
    "softmax_quantile_range_sum": {
      "auroc": 0.5,
      "auprc": 0.9660906423214868,
      "fpr_at_95_tpr": 1.0
    },
    "softmax_quantile_range_max": {
      "auroc": 0.5,
      "auprc": 0.9660906423214868,
      "fpr_at_95_tpr": 1.0
    }
  }
}