{
  "organamnist": {
    "predictive_entropy": {
      "auroc": 0.8888550852248962,
      "auprc": 0.9916548229134059,
      "fpr_at_95_tpr": 0.22596153846153846
    },
    "one_minus_max_softmax": {
      "auroc": 0.8888551753680001,
      "auprc": 0.9916547184702332,
      "fpr_at_95_tpr": 0.22596153846153846
    },
    "mutual_information": {
      "auroc": 0.5,
      "auprc": 0.9660906423214868,
      "fpr_at_95_tpr": 1.0
    },
    "expected_entropy": {
      "auroc": 0.8888550852248962,
      "auprc": 0.9916548229134059,
      "fpr_at_95_tpr": 0.22596153846153846
    },
    "softmax_variance_sum": {
      "auroc": 0.5,
      "auprc": 0.9660906423214868,
      "fpr_at_95_tpr": 1.0
    },
    "softmax_variance_max": {
      "auroc": 0.5,
      "auprc": 0.9660906423214868,
      "fpr_at_95_tpr": 1.0
    },
    "softmax_quantile_range_sum": {
      "auroc": 0.5,
      "auprc": 0.9660906423214868,
      "fpr_at_95_tpr": 1.0
    },
    "softmax_quantile_range_max": {
      "auroc": 0.5,
      "auprc": 0.9660906423214868,
      "fpr_at_95_tpr": 1.0
    }
  }
}