{
  "mean_sigma": 0.19515077769756317,
  "max_sigma": 0.198464497923851,
  "sigma_norm": 3.1594746112823486,
  "train_size": 1000
}