{
  "organamnist": {
    "predictive_entropy": {
      "auroc": 0.5392959931750853,
      "auprc": 0.9696450145458522,
      "fpr_at_95_tpr": 0.9807692307692307
    },
    "one_minus_max_softmax": {
      "auroc": 0.5392961734612933,
      "auprc": 0.9696450704000035,
      "fpr_at_95_tpr": 0.9807692307692307
    },
    "mutual_information": {
      "auroc": 0.5,
      "auprc": 0.9660906423214868,
      "fpr_at_95_tpr": 1.0
    },
    "expected_entropy": {
      "auroc": 0.5392959931750853,
      "auprc": 0.9696450145458522,
      "fpr_at_95_tpr": 0.9807692307692307
    },
    "softmax_variance_sum": {
      "auroc": 0.5,
      "auprc": 0.9660906423214868,
      "fpr_at_95_tpr": 1.0
    },
    "softmax_variance_max": {
      "auroc": 0.5,
      "auprc": 0.9660906423214868,
      "fpr_at_95_tpr": 1.0
    },
    "softmax_quantile_range_sum": {
      "auroc": 0.5,
      "auprc": 0.9660906423214868,
      "fpr_at_95_tpr": 1.0
    },
    "softmax_quantile_range_max": {
      "auroc": 0.5,
      "auprc": 0.9660906423214868,
      "fpr_at_95_tpr": 1.0
    }
  }
}