{
  "mean_sigma": 0.18753139674663544,
  "max_sigma": 0.19282741844654083,
  "sigma_norm": 3.0529608726501465,
  "train_size": 10000
}