{
  "mean_sigma": 0.12852247059345245,
  "max_sigma": 0.13192994892597198,
  "sigma_norm": 2.0893771648406982,
  "train_size": 10000
}