{
  "mean_sigma": 0.17578259110450745,
  "max_sigma": 0.1810026615858078,
  "sigma_norm": 2.859541416168213,
  "train_size": 10000
}