{
  "bloodmnist": {
    "predictive_entropy": {
      "auroc": 0.5789627039627039,
      "auprc": 0.8602706274272252,
      "fpr_at_95_tpr": 0.8717948717948718
    },
    "one_minus_max_softmax": {
      "auroc": 0.5789629381872147,
      "auprc": 0.8602706714132036,
      "fpr_at_95_tpr": 0.8717948717948718
    },
    "mutual_information": {
      "auroc": 0.5,
      "auprc": 0.8457354758961682,
      "fpr_at_95_tpr": 1.0
    },
    "expected_entropy": {
      "auroc": 0.5789627039627039,
      "auprc": 0.8602706274272252,
      "fpr_at_95_tpr": 0.8717948717948718
    },
    "softmax_variance_sum": {
      "auroc": 0.5,
      "auprc": 0.8457354758961682,
      "fpr_at_95_tpr": 1.0
    },
    "softmax_variance_max": {
      "auroc": 0.5,
      "auprc": 0.8457354758961682,
      "fpr_at_95_tpr": 1.0
    },
    "softmax_quantile_range_sum": {
      "auroc": 0.5,
      "auprc": 0.8457354758961682,
      "fpr_at_95_tpr": 1.0
    },
    "softmax_quantile_range_max": {
      "auroc": 0.5,
      "auprc": 0.8457354758961682,
      "fpr_at_95_tpr": 1.0
    }
  }
}