{
  "bloodmnist": {
    "predictive_entropy": {
      "auroc": 0.638286619596909,
      "auprc": 0.8246637571580291,
      "fpr_at_95_tpr": 0.47115384615384615
    },
    "one_minus_max_softmax": {
      "auroc": 0.6382863853723981,
      "auprc": 0.8246642848457408,
      "fpr_at_95_tpr": 0.47115384615384615
    },
    "mutual_information": {
      "auroc": 0.5,
      "auprc": 0.8457354758961682,
      "fpr_at_95_tpr": 1.0
    },
    "expected_entropy": {
      "auroc": 0.638286619596909,
      "auprc": 0.8246637571580291,
      "fpr_at_95_tpr": 0.47115384615384615
    },
    "softmax_variance_sum": {
      "auroc": 0.5,
      "auprc": 0.8457354758961682,
      "fpr_at_95_tpr": 1.0
    },
    "softmax_variance_max": {
      "auroc": 0.5,
      "auprc": 0.8457354758961682,
      "fpr_at_95_tpr": 1.0
    },
    "softmax_quantile_range_sum": {
      "auroc": 0.5,
      "auprc": 0.8457354758961682,
      "fpr_at_95_tpr": 1.0
    },
    "softmax_quantile_range_max": {
      "auroc": 0.5,
      "auprc": 0.8457354758961682,
      "fpr_at_95_tpr": 1.0
    }
  }
}