{
  "bloodmnist": {
    "predictive_entropy": {
      "auroc": 0.8747191648116084,
      "auprc": 0.9598411705129317,
      "fpr_at_95_tpr": 0.3798076923076923
    },
    "one_minus_max_softmax": {
      "auroc": 0.87471963326063,
      "auprc": 0.9598403812073181,
      "fpr_at_95_tpr": 0.3798076923076923
    },
    "mutual_information": {
      "auroc": 0.926506906812373,
      "auprc": 0.9833113021068765,
      "fpr_at_95_tpr": 0.3269230769230769
    },
    "expected_entropy": {
      "auroc": 0.8136584744301786,
      "auprc": 0.9080669307735625,
      "fpr_at_95_tpr": 0.38621794871794873
    },
    "softmax_variance_sum": {
      "auroc": 0.9172658129651698,
      "auprc": 0.9808713899237519,
      "fpr_at_95_tpr": 0.34775641025641024
    },
    "softmax_variance_max": {
      "auroc": 0.9172658129651698,
      "auprc": 0.9808713906649914,
      "fpr_at_95_tpr": 0.34775641025641024
    },
    "softmax_quantile_range_sum": {
      "auroc": 0.9162127395648296,
      "auprc": 0.9807590036581795,
      "fpr_at_95_tpr": 0.35096153846153844
    },
    "softmax_quantile_range_max": {
      "auroc": 0.9162127395648296,
      "auprc": 0.9807590036581796,
      "fpr_at_95_tpr": 0.35096153846153844
    }
  }
}