{
  "organamnist": {
    "predictive_entropy": {
      "auroc": 0.42243794368435783,
      "auprc": 0.9510404122779224,
      "fpr_at_95_tpr": 0.8733974358974359
    },
    "one_minus_max_softmax": {
      "auroc": 0.42243762818349384,
      "auprc": 0.9510347671597079,
      "fpr_at_95_tpr": 0.8733974358974359
    },
    "mutual_information": {
      "auroc": 0.5,
      "auprc": 0.9660906423214868,
      "fpr_at_95_tpr": 1.0
    },
    "expected_entropy": {
      "auroc": 0.42243794368435783,
      "auprc": 0.9510404122779224,
      "fpr_at_95_tpr": 0.8733974358974359
    },
    "softmax_variance_sum": {
      "auroc": 0.5,
      "auprc": 0.9660906423214868,
      "fpr_at_95_tpr": 1.0
    },
    "softmax_variance_max": {
      "auroc": 0.5,
      "auprc": 0.9660906423214868,
      "fpr_at_95_tpr": 1.0
    },
    "softmax_quantile_range_sum": {
      "auroc": 0.5,
      "auprc": 0.9660906423214868,
      "fpr_at_95_tpr": 1.0
    },
    "softmax_quantile_range_max": {
      "auroc": 0.5,
      "auprc": 0.9660906423214868,
      "fpr_at_95_tpr": 1.0
    }
  }
}