{
  "mean_sigma": 0.022333180531859398,
  "max_sigma": 0.02298084646463394,
  "sigma_norm": 0.7199525833129883,
  "train_size": 100
}