{
  "mean_sigma": 0.5199326276779175,
  "max_sigma": 0.5224533081054688,
  "sigma_norm": 8.367116928100586,
  "train_size": 100
}