{
  "mean_sigma": 0.24585400521755219,
  "max_sigma": 0.24839210510253906,
  "sigma_norm": 3.964146852493286,
  "train_size": 1000
}