{
  "mean_sigma": 0.005850812420248985,
  "max_sigma": 0.006407810840755701,
  "sigma_norm": 0.19066165387630463
}