{
  "bloodmnist": {
    "predictive_entropy": {
      "auroc": 0.6627703419303098,
      "auprc": 0.9032390074896637,
      "fpr_at_95_tpr": 0.7996794871794872
    },
    "one_minus_max_softmax": {
      "auroc": 0.6627708103793313,
      "auprc": 0.9032391269359548,
      "fpr_at_95_tpr": 0.7996794871794872
    },
    "mutual_information": {
      "auroc": 0.23030265554381307,
      "auprc": 0.7237880213719151,
      "fpr_at_95_tpr": 0.9919871794871795
    },
    "expected_entropy": {
      "auroc": 0.7675448212023774,
      "auprc": 0.9300585031129893,
      "fpr_at_95_tpr": 0.6298076923076923
    },
    "softmax_variance_sum": {
      "auroc": 0.2255057375636154,
      "auprc": 0.7240786776277706,
      "fpr_at_95_tpr": 0.9919871794871795
    },
    "softmax_variance_max": {
      "auroc": 0.2255057375636154,
      "auprc": 0.7240786393475541,
      "fpr_at_95_tpr": 0.9919871794871795
    },
    "softmax_quantile_range_sum": {
      "auroc": 0.3715545574468404,
      "auprc": 0.7973579862827969,
      "fpr_at_95_tpr": 1.0
    },
    "softmax_quantile_range_max": {
      "auroc": 0.3715545574468404,
      "auprc": 0.797357912855542,
      "fpr_at_95_tpr": 1.0
    },
    "expected_pairwise_kl": {
      "auroc": 0.2366054029036344,
      "auprc": 0.726167492264215,
      "fpr_at_95_tpr": 0.9871794871794872
    },
    "logit_variance_sum": {
      "auroc": 0.26755559552987207,
      "auprc": 0.7551094379302445,
      "fpr_at_95_tpr": 0.9631410256410257
    },
    "logit_variance_max": {
      "auroc": 0.26755559552987207,
      "auprc": 0.7551099321624093,
      "fpr_at_95_tpr": 0.9631410256410257
    }
  }
}