{
  "organamnist": {
    "predictive_entropy": {
      "auroc": 0.36387025630929615,
      "auprc": 0.9533553044888996,
      "fpr_at_95_tpr": 0.9551282051282052
    },
    "one_minus_max_softmax": {
      "auroc": 0.36387025630929615,
      "auprc": 0.9533665480949406,
      "fpr_at_95_tpr": 0.9551282051282052
    },
    "mutual_information": {
      "auroc": 0.36176699233567267,
      "auprc": 0.9524197196907634,
      "fpr_at_95_tpr": 0.9615384615384616
    },
    "expected_entropy": {
      "auroc": 0.36490568507316734,
      "auprc": 0.9548583483261823,
      "fpr_at_95_tpr": 0.9551282051282052
    },
    "softmax_variance_sum": {
      "auroc": 0.355593181287157,
      "auprc": 0.9515736346503363,
      "fpr_at_95_tpr": 0.9551282051282052
    },
    "softmax_variance_max": {
      "auroc": 0.355593091144053,
      "auprc": 0.9515736241923796,
      "fpr_at_95_tpr": 0.9551282051282052
    },
    "softmax_quantile_range_sum": {
      "auroc": 0.35508450375139544,
      "auprc": 0.9514249228255052,
      "fpr_at_95_tpr": 0.9551282051282052
    },
    "softmax_quantile_range_max": {
      "auroc": 0.3550845488229474,
      "auprc": 0.9514248583702308,
      "fpr_at_95_tpr": 0.9551282051282052
    }
  }
}