{
  "mean_sigma": 0.02567354589700699,
  "max_sigma": 0.02634635753929615,
  "sigma_norm": 0.8272151350975037,
  "train_size": 100
}