{
  "organamnist": {
    "predictive_entropy": {
      "auroc": 0.8993048794822757,
      "auprc": 0.9939672564239261,
      "fpr_at_95_tpr": 0.28846153846153844
    },
    "one_minus_max_softmax": {
      "auroc": 0.8993048794822756,
      "auprc": 0.9939640130507598,
      "fpr_at_95_tpr": 0.28846153846153844
    },
    "mutual_information": {
      "auroc": 0.8799486761223179,
      "auprc": 0.9923592963865253,
      "fpr_at_95_tpr": 0.35096153846153844
    },
    "expected_entropy": {
      "auroc": 0.8826542312451864,
      "auprc": 0.9928589830378058,
      "fpr_at_95_tpr": 0.28365384615384615
    },
    "softmax_variance_sum": {
      "auroc": 0.8863601043929259,
      "auprc": 0.992762233748885,
      "fpr_at_95_tpr": 0.3108974358974359
    },
    "softmax_variance_max": {
      "auroc": 0.8863601043929257,
      "auprc": 0.9927622336585814,
      "fpr_at_95_tpr": 0.3108974358974359
    },
    "softmax_quantile_range_sum": {
      "auroc": 0.8911443594935833,
      "auprc": 0.9931038564765177,
      "fpr_at_95_tpr": 0.3076923076923077
    },
    "softmax_quantile_range_max": {
      "auroc": 0.8911443144220312,
      "auprc": 0.9931038529566665,
      "fpr_at_95_tpr": 0.3076923076923077
    }
  }
}