{
  "organamnist": {
    "predictive_entropy": {
      "auroc": 0.9093710697606664,
      "auprc": 0.9939112070159675,
      "fpr_at_95_tpr": 0.2419871794871795
    },
    "one_minus_max_softmax": {
      "auroc": 0.9093711148322184,
      "auprc": 0.993909078937377,
      "fpr_at_95_tpr": 0.2419871794871795
    },
    "mutual_information": {
      "auroc": 0.9573868307415387,
      "auprc": 0.9983374447258229,
      "fpr_at_95_tpr": 0.23076923076923078
    },
    "expected_entropy": {
      "auroc": 0.7890312428786947,
      "auprc": 0.9750027915227764,
      "fpr_at_95_tpr": 0.36217948717948717
    },
    "softmax_variance_sum": {
      "auroc": 0.9526508472730628,
      "auprc": 0.9981155580475597,
      "fpr_at_95_tpr": 0.23557692307692307
    },
    "softmax_variance_max": {
      "auroc": 0.952650802201511,
      "auprc": 0.998115558040593,
      "fpr_at_95_tpr": 0.23557692307692307
    },
    "softmax_quantile_range_sum": {
      "auroc": 0.9518752109348634,
      "auprc": 0.9980998717625682,
      "fpr_at_95_tpr": 0.23397435897435898
    },
    "softmax_quantile_range_max": {
      "auroc": 0.9518751658633112,
      "auprc": 0.9980998688341701,
      "fpr_at_95_tpr": 0.23397435897435898
    }
  }
}