{
  "bloodmnist": {
    "predictive_entropy": {
      "auroc": 0.7689717169218777,
      "auprc": 0.9269220937392286,
      "fpr_at_95_tpr": 0.6073717948717948
    },
    "one_minus_max_softmax": {
      "auroc": 0.7689721853708992,
      "auprc": 0.9269224827113177,
      "fpr_at_95_tpr": 0.6073717948717948
    },
    "mutual_information": {
      "auroc": 0.5,
      "auprc": 0.8457354758961682,
      "fpr_at_95_tpr": 1.0
    },
    "expected_entropy": {
      "auroc": 0.7689717169218777,
      "auprc": 0.9269220937392286,
      "fpr_at_95_tpr": 0.6073717948717948
    },
    "softmax_variance_sum": {
      "auroc": 0.5,
      "auprc": 0.8457354758961682,
      "fpr_at_95_tpr": 1.0
    },
    "softmax_variance_max": {
      "auroc": 0.5,
      "auprc": 0.8457354758961682,
      "fpr_at_95_tpr": 1.0
    },
    "softmax_quantile_range_sum": {
      "auroc": 0.5,
      "auprc": 0.8457354758961682,
      "fpr_at_95_tpr": 1.0
    },
    "softmax_quantile_range_max": {
      "auroc": 0.5,
      "auprc": 0.8457354758961682,
      "fpr_at_95_tpr": 1.0
    }
  }
}