{
  "bloodmnist": {
    "predictive_entropy": {
      "auroc": 0.8194396038045557,
      "auprc": 0.9417186308018087,
      "fpr_at_95_tpr": 0.483974358974359
    },
    "one_minus_max_softmax": {
      "auroc": 0.8194396038045557,
      "auprc": 0.9417112344771866,
      "fpr_at_95_tpr": 0.483974358974359
    },
    "mutual_information": {
      "auroc": 0.9540367189081016,
      "auprc": 0.9910976154974942,
      "fpr_at_95_tpr": 0.28525641025641024
    },
    "expected_entropy": {
      "auroc": 0.568982397559568,
      "auprc": 0.8106602648467607,
      "fpr_at_95_tpr": 0.6618589743589743
    },
    "softmax_variance_sum": {
      "auroc": 0.9343754450265704,
      "auprc": 0.986658428153127,
      "fpr_at_95_tpr": 0.33974358974358976
    },
    "softmax_variance_max": {
      "auroc": 0.9343754450265704,
      "auprc": 0.986658428153127,
      "fpr_at_95_tpr": 0.33974358974358976
    },
    "softmax_quantile_range_sum": {
      "auroc": 0.9420523875909729,
      "auprc": 0.9890835012023114,
      "fpr_at_95_tpr": 0.33814102564102566
    },
    "softmax_quantile_range_max": {
      "auroc": 0.9420526218154837,
      "auprc": 0.9890835011572696,
      "fpr_at_95_tpr": 0.33814102564102566
    },
    "expected_pairwise_kl": {
      "auroc": 0.9667251291045503,
      "auprc": 0.9938542773748443,
      "fpr_at_95_tpr": 0.20833333333333334
    },
    "logit_variance_sum": {
      "auroc": 0.974249825736964,
      "auprc": 0.9926489838752498,
      "fpr_at_95_tpr": 0.07692307692307693
    },
    "logit_variance_max": {
      "auroc": 0.9742498257369641,
      "auprc": 0.9926489863854123,
      "fpr_at_95_tpr": 0.07692307692307693
    }
  }
}