{
  "organamnist": {
    "predictive_entropy": {
      "auroc": 0.8847137307418271,
      "auprc": 0.9917900557564545,
      "fpr_at_95_tpr": 0.23397435897435898
    },
    "one_minus_max_softmax": {
      "auroc": 0.8847134603125153,
      "auprc": 0.9917899368173967,
      "fpr_at_95_tpr": 0.23397435897435898
    },
    "mutual_information": {
      "auroc": 0.5,
      "auprc": 0.9660906423214868,
      "fpr_at_95_tpr": 1.0
    },
    "expected_entropy": {
      "auroc": 0.8847137307418271,
      "auprc": 0.9917900557564545,
      "fpr_at_95_tpr": 0.23397435897435898
    },
    "softmax_variance_sum": {
      "auroc": 0.5,
      "auprc": 0.9660906423214868,
      "fpr_at_95_tpr": 1.0
    },
    "softmax_variance_max": {
      "auroc": 0.5,
      "auprc": 0.9660906423214868,
      "fpr_at_95_tpr": 1.0
    },
    "softmax_quantile_range_sum": {
      "auroc": 0.5,
      "auprc": 0.9660906423214868,
      "fpr_at_95_tpr": 1.0
    },
    "softmax_quantile_range_max": {
      "auroc": 0.5,
      "auprc": 0.9660906423214868,
      "fpr_at_95_tpr": 1.0
    }
  }
}