{
  "organamnist": {
    "predictive_entropy": {
      "auroc": 0.8992808563450648,
      "auprc": 0.9930755527852377,
      "fpr_at_95_tpr": 0.26282051282051283
    },
    "one_minus_max_softmax": {
      "auroc": 0.899280811273513,
      "auprc": 0.9930755325763934,
      "fpr_at_95_tpr": 0.26282051282051283
    },
    "mutual_information": {
      "auroc": 0.9642241401069025,
      "auprc": 0.9986843882453066,
      "fpr_at_95_tpr": 0.2403846153846154
    },
    "expected_entropy": {
      "auroc": 0.7116112070233738,
      "auprc": 0.96749472122222,
      "fpr_at_95_tpr": 0.4807692307692308
    },
    "softmax_variance_sum": {
      "auroc": 0.9593325696409565,
      "auprc": 0.998454016801916,
      "fpr_at_95_tpr": 0.25
    },
    "softmax_variance_max": {
      "auroc": 0.9593325696409565,
      "auprc": 0.9984540167823671,
      "fpr_at_95_tpr": 0.25
    },
    "softmax_quantile_range_sum": {
      "auroc": 0.9546003271112957,
      "auprc": 0.9982389917385526,
      "fpr_at_95_tpr": 0.2516025641025641
    },
    "softmax_quantile_range_max": {
      "auroc": 0.9546003271112957,
      "auprc": 0.9982389877326081,
      "fpr_at_95_tpr": 0.2516025641025641
    }
  }
}