{
  "organamnist": {
    "predictive_entropy": {
      "auroc": 0.9475410854239322,
      "auprc": 0.9981316959398651,
      "fpr_at_95_tpr": 0.4150641025641026
    },
    "one_minus_max_softmax": {
      "auroc": 0.9475410854239322,
      "auprc": 0.9981316959584369,
      "fpr_at_95_tpr": 0.4150641025641026
    },
    "mutual_information": {
      "auroc": 0.5,
      "auprc": 0.9660906423214868,
      "fpr_at_95_tpr": 1.0
    },
    "expected_entropy": {
      "auroc": 0.9475410854239322,
      "auprc": 0.9981316959398651,
      "fpr_at_95_tpr": 0.4150641025641026
    },
    "softmax_variance_sum": {
      "auroc": 0.5,
      "auprc": 0.9660906423214868,
      "fpr_at_95_tpr": 1.0
    },
    "softmax_variance_max": {
      "auroc": 0.5,
      "auprc": 0.9660906423214868,
      "fpr_at_95_tpr": 1.0
    },
    "softmax_quantile_range_sum": {
      "auroc": 0.5,
      "auprc": 0.9660906423214868,
      "fpr_at_95_tpr": 1.0
    },
    "softmax_quantile_range_max": {
      "auroc": 0.5,
      "auprc": 0.9660906423214868,
      "fpr_at_95_tpr": 1.0
    }
  }
}