{
  "organamnist": {
    "predictive_entropy": {
      "auroc": 0.4707412611669277,
      "auprc": 0.964476121511632,
      "fpr_at_95_tpr": 0.9919871794871795
    },
    "one_minus_max_softmax": {
      "auroc": 0.4707414414531357,
      "auprc": 0.9644762582878766,
      "fpr_at_95_tpr": 0.9919871794871795
    },
    "mutual_information": {
      "auroc": 0.5,
      "auprc": 0.9660906423214868,
      "fpr_at_95_tpr": 1.0
    },
    "expected_entropy": {
      "auroc": 0.4707412611669277,
      "auprc": 0.964476121511632,
      "fpr_at_95_tpr": 0.9919871794871795
    },
    "softmax_variance_sum": {
      "auroc": 0.5,
      "auprc": 0.9660906423214868,
      "fpr_at_95_tpr": 1.0
    },
    "softmax_variance_max": {
      "auroc": 0.5,
      "auprc": 0.9660906423214868,
      "fpr_at_95_tpr": 1.0
    },
    "softmax_quantile_range_sum": {
      "auroc": 0.5,
      "auprc": 0.9660906423214868,
      "fpr_at_95_tpr": 1.0
    },
    "softmax_quantile_range_max": {
      "auroc": 0.5,
      "auprc": 0.9660906423214868,
      "fpr_at_95_tpr": 1.0
    }
  }
}