{
  "bloodmnist": {
    "predictive_entropy": {
      "auroc": 0.6669927071856333,
      "auprc": 0.8923031335563638,
      "fpr_at_95_tpr": 0.6810897435897436
    },
    "one_minus_max_softmax": {
      "auroc": 0.6669931756346547,
      "auprc": 0.8922870167589477,
      "fpr_at_95_tpr": 0.6810897435897436
    },
    "mutual_information": {
      "auroc": 0.7699339112120462,
      "auprc": 0.9414789887175165,
      "fpr_at_95_tpr": 0.6730769230769231
    },
    "expected_entropy": {
      "auroc": 0.47499606502821934,
      "auprc": 0.7858670262882719,
      "fpr_at_95_tpr": 0.7628205128205128
    },
    "softmax_variance_sum": {
      "auroc": 0.8030659051559372,
      "auprc": 0.9536482301587348,
      "fpr_at_95_tpr": 0.6490384615384616
    },
    "softmax_variance_max": {
      "auroc": 0.8030659051559372,
      "auprc": 0.9536482301587348,
      "fpr_at_95_tpr": 0.6490384615384616
    },
    "softmax_quantile_range_sum": {
      "auroc": 0.7512256968647644,
      "auprc": 0.9310803809727383,
      "fpr_at_95_tpr": 0.7371794871794872
    },
    "softmax_quantile_range_max": {
      "auroc": 0.7512266337628074,
      "auprc": 0.9310838735539374,
      "fpr_at_95_tpr": 0.7371794871794872
    },
    "expected_pairwise_kl": {
      "auroc": 0.6952643083069128,
      "auprc": 0.9119909091657814,
      "fpr_at_95_tpr": 0.7483974358974359
    },
    "logit_variance_sum": {
      "auroc": 0.6971594188234059,
      "auprc": 0.8722398739290946,
      "fpr_at_95_tpr": 0.5737179487179487
    },
    "logit_variance_max": {
      "auroc": 0.6971594188234059,
      "auprc": 0.8722398315235255,
      "fpr_at_95_tpr": 0.5737179487179487
    }
  }
}