{
  "organamnist": {
    "predictive_entropy": {
      "auroc": 0.5593650932728725,
      "auprc": 0.9716300215764235,
      "fpr_at_95_tpr": 0.9022435897435898
    },
    "one_minus_max_softmax": {
      "auroc": 0.5593651834159765,
      "auprc": 0.9716308431419093,
      "fpr_at_95_tpr": 0.9022435897435898
    },
    "mutual_information": {
      "auroc": 0.5,
      "auprc": 0.9660906423214868,
      "fpr_at_95_tpr": 1.0
    },
    "expected_entropy": {
      "auroc": 0.5593650932728725,
      "auprc": 0.9716300215764235,
      "fpr_at_95_tpr": 0.9022435897435898
    },
    "softmax_variance_sum": {
      "auroc": 0.5,
      "auprc": 0.9660906423214868,
      "fpr_at_95_tpr": 1.0
    },
    "softmax_variance_max": {
      "auroc": 0.5,
      "auprc": 0.9660906423214868,
      "fpr_at_95_tpr": 1.0
    },
    "softmax_quantile_range_sum": {
      "auroc": 0.5,
      "auprc": 0.9660906423214868,
      "fpr_at_95_tpr": 1.0
    },
    "softmax_quantile_range_max": {
      "auroc": 0.5,
      "auprc": 0.9660906423214868,
      "fpr_at_95_tpr": 1.0
    }
  }
}