{
  "mean_sigma": 0.06253580003976822,
  "max_sigma": 0.06309323012828827,
  "sigma_norm": 2.005244493484497,
  "train_size": 1000
}