{
  "bloodmnist": {
    "predictive_entropy": {
      "auroc": 0.8122578118558825,
      "auprc": 0.9471992258118281,
      "fpr_at_95_tpr": 0.5753205128205128
    },
    "one_minus_max_softmax": {
      "auroc": 0.8122578118558825,
      "auprc": 0.9471997578179272,
      "fpr_at_95_tpr": 0.5753205128205128
    },
    "mutual_information": {
      "auroc": 0.8809366544495163,
      "auprc": 0.9751526073699956,
      "fpr_at_95_tpr": 0.5464743589743589
    },
    "expected_entropy": {
      "auroc": 0.7180822259198465,
      "auprc": 0.8817306812046062,
      "fpr_at_95_tpr": 0.5977564102564102
    },
    "softmax_variance_sum": {
      "auroc": 0.8616459237439944,
      "auprc": 0.9697797063263038,
      "fpr_at_95_tpr": 0.5496794871794872
    },
    "softmax_variance_max": {
      "auroc": 0.8616459237439944,
      "auprc": 0.9697797063263038,
      "fpr_at_95_tpr": 0.5496794871794872
    },
    "softmax_quantile_range_sum": {
      "auroc": 0.8578636663443737,
      "auprc": 0.9669474027712157,
      "fpr_at_95_tpr": 0.5608974358974359
    },
    "softmax_quantile_range_max": {
      "auroc": 0.8578636663443737,
      "auprc": 0.9669474046508169,
      "fpr_at_95_tpr": 0.5608974358974359
    },
    "expected_pairwise_kl": {
      "auroc": 0.8953929912531199,
      "auprc": 0.9785951438225757,
      "fpr_at_95_tpr": 0.5288461538461539
    },
    "logit_variance_sum": {
      "auroc": 0.7893600236847824,
      "auprc": 0.9318260666043301,
      "fpr_at_95_tpr": 0.5496794871794872
    },
    "logit_variance_max": {
      "auroc": 0.7893597894602717,
      "auprc": 0.9318260071627193,
      "fpr_at_95_tpr": 0.5496794871794872
    }
  }
}