{
  "mean_sigma": 0.17928583920001984,
  "max_sigma": 0.182966411113739,
  "sigma_norm": 2.9045581817626953,
  "train_size": 1000
}