{
  "organamnist": {
    "predictive_entropy": {
      "auroc": 0.4919609478439212,
      "auprc": 0.9630212105291893,
      "fpr_at_95_tpr": 0.9711538461538461
    },
    "one_minus_max_softmax": {
      "auroc": 0.4919610379870252,
      "auprc": 0.9630212105953802,
      "fpr_at_95_tpr": 0.9711538461538461
    },
    "mutual_information": {
      "auroc": 0.6777629221942418,
      "auprc": 0.9725287526758059,
      "fpr_at_95_tpr": 0.8477564102564102
    },
    "expected_entropy": {
      "auroc": 0.2676693103836202,
      "auprc": 0.9290940660785068,
      "fpr_at_95_tpr": 0.9455128205128205
    },
    "softmax_variance_sum": {
      "auroc": 0.632209059526179,
      "auprc": 0.9700276779111503,
      "fpr_at_95_tpr": 0.9022435897435898
    },
    "softmax_variance_max": {
      "auroc": 0.632209059526179,
      "auprc": 0.9700276774182734,
      "fpr_at_95_tpr": 0.9022435897435898
    },
    "softmax_quantile_range_sum": {
      "auroc": 0.6519421512038791,
      "auprc": 0.9706322722479646,
      "fpr_at_95_tpr": 0.8317307692307693
    },
    "softmax_quantile_range_max": {
      "auroc": 0.6519419258461192,
      "auprc": 0.9706324274873064,
      "fpr_at_95_tpr": 0.8317307692307693
    },
    "expected_pairwise_kl": {
      "auroc": 0.73415374375128,
      "auprc": 0.9737916233978641,
      "fpr_at_95_tpr": 0.6923076923076923
    },
    "logit_variance_sum": {
      "auroc": 0.826817068632796,
      "auprc": 0.976531232956514,
      "fpr_at_95_tpr": 0.2900641025641026
    },
    "logit_variance_max": {
      "auroc": 0.826817339062108,
      "auprc": 0.9765312466600309,
      "fpr_at_95_tpr": 0.2900641025641026
    }
  }
}