{
  "tail_0": {
    "predictive_entropy": {
      "auroc": 0.8420447074293228,
      "auprc": 0.8138777063713474,
      "fpr_at_95_tpr": 0.8128205128205128
    },
    "one_minus_max_softmax": {
      "auroc": 0.8420447074293228,
      "auprc": 0.8138777063713474,
      "fpr_at_95_tpr": 0.8128205128205128
    },
    "mutual_information": {
      "auroc": 0.8496822266053036,
      "auprc": 0.7782776934052151,
      "fpr_at_95_tpr": 0.6846153846153846
    },
    "expected_entropy": {
      "auroc": 0.8275476660092045,
      "auprc": 0.7916729707425805,
      "fpr_at_95_tpr": 0.9051282051282051
    },
    "softmax_variance_sum": {
      "auroc": 0.8546351084812625,
      "auprc": 0.7913304892105081,
      "fpr_at_95_tpr": 0.6846153846153846
    },
    "softmax_variance_max": {
      "auroc": 0.8546351084812625,
      "auprc": 0.7913304892105081,
      "fpr_at_95_tpr": 0.6846153846153846
    }
  }
}