{
  "organamnist": {
    "predictive_entropy": {
      "auroc": 0.823127060671357,
      "auprc": 0.9865005242422143,
      "fpr_at_95_tpr": 0.3349358974358974
    },
    "one_minus_max_softmax": {
      "auroc": 0.8231271057429089,
      "auprc": 0.986500507627849,
      "fpr_at_95_tpr": 0.3349358974358974
    },
    "mutual_information": {
      "auroc": 0.8444234591298379,
      "auprc": 0.9905335918148501,
      "fpr_at_95_tpr": 0.33974358974358976
    },
    "expected_entropy": {
      "auroc": 0.7904089900799317,
      "auprc": 0.9785899661561877,
      "fpr_at_95_tpr": 0.34294871794871795
    },
    "softmax_variance_sum": {
      "auroc": 0.8358519316585468,
      "auprc": 0.9894615713902268,
      "fpr_at_95_tpr": 0.34455128205128205
    },
    "softmax_variance_max": {
      "auroc": 0.8358519316585465,
      "auprc": 0.989461571024616,
      "fpr_at_95_tpr": 0.34455128205128205
    },
    "softmax_quantile_range_sum": {
      "auroc": 0.842013888888889,
      "auprc": 0.9898946821483599,
      "fpr_at_95_tpr": 0.33814102564102566
    },
    "softmax_quantile_range_max": {
      "auroc": 0.8420138888888888,
      "auprc": 0.9898947058821358,
      "fpr_at_95_tpr": 0.33814102564102566
    },
    "expected_pairwise_kl": {
      "auroc": 0.8540284772882646,
      "auprc": 0.9917001190178658,
      "fpr_at_95_tpr": 0.3573717948717949
    },
    "logit_variance_sum": {
      "auroc": 0.8287864250254565,
      "auprc": 0.9782570405966396,
      "fpr_at_95_tpr": 0.29967948717948717
    },
    "logit_variance_max": {
      "auroc": 0.8287850278073448,
      "auprc": 0.9782566058739769,
      "fpr_at_95_tpr": 0.29967948717948717
    }
  }
}