{
  "organamnist": {
    "predictive_entropy": {
      "auroc": 0.4494554995947166,
      "auprc": 0.9614428376706255,
      "fpr_at_95_tpr": 0.9631410256410257
    },
    "one_minus_max_softmax": {
      "auroc": 0.4494555446662686,
      "auprc": 0.9614428090887355,
      "fpr_at_95_tpr": 0.9631410256410257
    },
    "mutual_information": {
      "auroc": 0.5,
      "auprc": 0.9660906423214868,
      "fpr_at_95_tpr": 1.0
    },
    "expected_entropy": {
      "auroc": 0.4494554995947166,
      "auprc": 0.9614428376706255,
      "fpr_at_95_tpr": 0.9631410256410257
    },
    "softmax_variance_sum": {
      "auroc": 0.5,
      "auprc": 0.9660906423214868,
      "fpr_at_95_tpr": 1.0
    },
    "softmax_variance_max": {
      "auroc": 0.5,
      "auprc": 0.9660906423214868,
      "fpr_at_95_tpr": 1.0
    },
    "softmax_quantile_range_sum": {
      "auroc": 0.5,
      "auprc": 0.9660906423214868,
      "fpr_at_95_tpr": 1.0
    },
    "softmax_quantile_range_max": {
      "auroc": 0.5,
      "auprc": 0.9660906423214868,
      "fpr_at_95_tpr": 1.0
    }
  }
}