{
  "bloodmnist": {
    "predictive_entropy": {
      "auroc": 0.9112258655064122,
      "auprc": 0.9820519943189888,
      "fpr_at_95_tpr": 0.44871794871794873
    },
    "one_minus_max_softmax": {
      "auroc": 0.9112260997309227,
      "auprc": 0.9820531885229595,
      "fpr_at_95_tpr": 0.44871794871794873
    },
    "mutual_information": {
      "auroc": 0.43722033593416226,
      "auprc": 0.8498786382296902,
      "fpr_at_95_tpr": 0.9903846153846154
    },
    "expected_entropy": {
      "auroc": 0.6801547193428222,
      "auprc": 0.9248068496126399,
      "fpr_at_95_tpr": 0.9743589743589743
    },
    "softmax_variance_sum": {
      "auroc": 0.4598293252835053,
      "auprc": 0.8570650280975642,
      "fpr_at_95_tpr": 0.9839743589743589
    },
    "softmax_variance_max": {
      "auroc": 0.45982909105899455,
      "auprc": 0.8570647516030518,
      "fpr_at_95_tpr": 0.9839743589743589
    },
    "softmax_quantile_range_sum": {
      "auroc": 0.5121309558608594,
      "auprc": 0.8684523799940661,
      "fpr_at_95_tpr": 0.9358974358974359
    },
    "softmax_quantile_range_max": {
      "auroc": 0.5121307216363487,
      "auprc": 0.8684520875530285,
      "fpr_at_95_tpr": 0.9358974358974359
    },
    "expected_pairwise_kl": {
      "auroc": 0.4329120102833929,
      "auprc": 0.850164257799817,
      "fpr_at_95_tpr": 0.9935897435897436
    },
    "logit_variance_sum": {
      "auroc": 0.5908580299657471,
      "auprc": 0.9034354941021272,
      "fpr_at_95_tpr": 0.9310897435897436
    },
    "logit_variance_max": {
      "auroc": 0.5908580299657471,
      "auprc": 0.9034354530622799,
      "fpr_at_95_tpr": 0.9310897435897436
    }
  }
}