{
  "bloodmnist": {
    "predictive_entropy": {
      "auroc": 0.5507196782317361,
      "auprc": 0.844277110870625,
      "fpr_at_95_tpr": 0.9631410256410257
    },
    "one_minus_max_softmax": {
      "auroc": 0.5507194440072254,
      "auprc": 0.8442770275818584,
      "fpr_at_95_tpr": 0.9631410256410257
    },
    "mutual_information": {
      "auroc": 0.6589794182237911,
      "auprc": 0.9133908228775742,
      "fpr_at_95_tpr": 0.782051282051282
    },
    "expected_entropy": {
      "auroc": 0.43830901146013684,
      "auprc": 0.8047111909168411,
      "fpr_at_95_tpr": 0.9839743589743589
    },
    "softmax_variance_sum": {
      "auroc": 0.6246650589496249,
      "auprc": 0.9014249107571979,
      "fpr_at_95_tpr": 0.9775641025641025
    },
    "softmax_variance_max": {
      "auroc": 0.6246650589496249,
      "auprc": 0.9014249107571979,
      "fpr_at_95_tpr": 0.9775641025641025
    },
    "softmax_quantile_range_sum": {
      "auroc": 0.6919125555580539,
      "auprc": 0.9332863561398458,
      "fpr_at_95_tpr": 0.9711538461538461
    },
    "softmax_quantile_range_max": {
      "auroc": 0.6919139609051184,
      "auprc": 0.9332867122483852,
      "fpr_at_95_tpr": 0.9711538461538461
    },
    "expected_pairwise_kl": {
      "auroc": 0.7483428615864307,
      "auprc": 0.944174546484325,
      "fpr_at_95_tpr": 0.8349358974358975
    },
    "logit_variance_sum": {
      "auroc": 0.6093355331699383,
      "auprc": 0.8960065626264034,
      "fpr_at_95_tpr": 0.7692307692307693
    },
    "logit_variance_max": {
      "auroc": 0.6093355331699384,
      "auprc": 0.8960065972623236,
      "fpr_at_95_tpr": 0.7692307692307693
    }
  }
}