{
  "bloodmnist": {
    "predictive_entropy": {
      "auroc": 0.6827138563472969,
      "auprc": 0.9070155456034554,
      "fpr_at_95_tpr": 0.9166666666666666
    },
    "one_minus_max_softmax": {
      "auroc": 0.6827131536737645,
      "auprc": 0.9070154204810058,
      "fpr_at_95_tpr": 0.9166666666666666
    },
    "mutual_information": {
      "auroc": 0.5,
      "auprc": 0.8457354758961682,
      "fpr_at_95_tpr": 1.0
    },
    "expected_entropy": {
      "auroc": 0.6827138563472969,
      "auprc": 0.9070155456034554,
      "fpr_at_95_tpr": 0.9166666666666666
    },
    "softmax_variance_sum": {
      "auroc": 0.5,
      "auprc": 0.8457354758961682,
      "fpr_at_95_tpr": 1.0
    },
    "softmax_variance_max": {
      "auroc": 0.5,
      "auprc": 0.8457354758961682,
      "fpr_at_95_tpr": 1.0
    },
    "softmax_quantile_range_sum": {
      "auroc": 0.5,
      "auprc": 0.8457354758961682,
      "fpr_at_95_tpr": 1.0
    },
    "softmax_quantile_range_max": {
      "auroc": 0.5,
      "auprc": 0.8457354758961682,
      "fpr_at_95_tpr": 1.0
    }
  }
}