{
  "bloodmnist": {
    "predictive_entropy": {
      "auroc": 0.7123020334435125,
      "auprc": 0.9174367809669708,
      "fpr_at_95_tpr": 0.6987179487179487
    },
    "one_minus_max_softmax": {
      "auroc": 0.7123020334435126,
      "auprc": 0.9174367126521907,
      "fpr_at_95_tpr": 0.6987179487179487
    },
    "mutual_information": {
      "auroc": 0.0852113454605416,
      "auprc": 0.6773134887218035,
      "fpr_at_95_tpr": 0.9983974358974359
    },
    "expected_entropy": {
      "auroc": 0.877589820415383,
      "auprc": 0.9650812321062936,
      "fpr_at_95_tpr": 0.453525641025641
    },
    "softmax_variance_sum": {
      "auroc": 0.08808528020746671,
      "auprc": 0.6784408294449147,
      "fpr_at_95_tpr": 1.0
    },
    "softmax_variance_max": {
      "auroc": 0.08808528020746671,
      "auprc": 0.6784408576081824,
      "fpr_at_95_tpr": 1.0
    },
    "softmax_quantile_range_sum": {
      "auroc": 0.11728651841192034,
      "auprc": 0.6894982129163916,
      "fpr_at_95_tpr": 1.0
    },
    "softmax_quantile_range_max": {
      "auroc": 0.11728628418740959,
      "auprc": 0.6894979521065474,
      "fpr_at_95_tpr": 1.0
    },
    "expected_pairwise_kl": {
      "auroc": 0.08765477555670481,
      "auprc": 0.6780709531889952,
      "fpr_at_95_tpr": 1.0
    },
    "logit_variance_sum": {
      "auroc": 0.13365319032521605,
      "auprc": 0.6952231730694041,
      "fpr_at_95_tpr": 0.9919871794871795
    },
    "logit_variance_max": {
      "auroc": 0.13365319032521605,
      "auprc": 0.6952231881951925,
      "fpr_at_95_tpr": 0.9919871794871795
    }
  }
}