{
  "organamnist": {
    "predictive_entropy": {
      "auroc": 0.927513496225528,
      "auprc": 0.9973486112773098,
      "fpr_at_95_tpr": 0.6233974358974359
    },
    "one_minus_max_softmax": {
      "auroc": 0.927513270867768,
      "auprc": 0.9973486112627749,
      "fpr_at_95_tpr": 0.6233974358974359
    },
    "mutual_information": {
      "auroc": 0.10200197016768059,
      "auprc": 0.9178641698036241,
      "fpr_at_95_tpr": 1.0
    },
    "expected_entropy": {
      "auroc": 0.9437527313360508,
      "auprc": 0.9978735671908205,
      "fpr_at_95_tpr": 0.36698717948717946
    },
    "softmax_variance_sum": {
      "auroc": 0.1475797207582982,
      "auprc": 0.928130091497001,
      "fpr_at_95_tpr": 1.0
    },
    "softmax_variance_max": {
      "auroc": 0.14757972075829823,
      "auprc": 0.9281300899746566,
      "fpr_at_95_tpr": 1.0
    },
    "softmax_quantile_range_sum": {
      "auroc": 0.20187926737454243,
      "auprc": 0.9389099326772534,
      "fpr_at_95_tpr": 1.0
    },
    "softmax_quantile_range_max": {
      "auroc": 0.20187899694523048,
      "auprc": 0.9389098991527759,
      "fpr_at_95_tpr": 1.0
    },
    "expected_pairwise_kl": {
      "auroc": 0.08615418148619296,
      "auprc": 0.9141036512903473,
      "fpr_at_95_tpr": 1.0
    },
    "logit_variance_sum": {
      "auroc": 0.08186260352034061,
      "auprc": 0.90585038757541,
      "fpr_at_95_tpr": 1.0
    },
    "logit_variance_max": {
      "auroc": 0.08186260352034061,
      "auprc": 0.9058503994370116,
      "fpr_at_95_tpr": 1.0
    }
  }
}