{
  "mean_sigma": 0.08217217773199081,
  "max_sigma": 0.08267449587583542,
  "sigma_norm": 2.6344008445739746,
  "train_size": 10000
}