{
  "mean_sigma": 0.4094456434249878,
  "max_sigma": 0.41208335757255554,
  "sigma_norm": 6.591978549957275,
  "train_size": 100
}