{
  "organamnist": {
    "predictive_entropy": {
      "auroc": 0.661464688422164,
      "auprc": 0.9711692917553068,
      "fpr_at_95_tpr": 0.8349358974358975
    },
    "one_minus_max_softmax": {
      "auroc": 0.6614645982790599,
      "auprc": 0.9711692839832653,
      "fpr_at_95_tpr": 0.8349358974358975
    },
    "mutual_information": {
      "auroc": 0.7088261907543463,
      "auprc": 0.9838605455011133,
      "fpr_at_95_tpr": 0.7772435897435898
    },
    "expected_entropy": {
      "auroc": 0.6400447939112299,
      "auprc": 0.9650284566917904,
      "fpr_at_95_tpr": 0.8477564102564102
    },
    "softmax_variance_sum": {
      "auroc": 0.7024232359355124,
      "auprc": 0.982991156455556,
      "fpr_at_95_tpr": 0.7932692307692307
    },
    "softmax_variance_max": {
      "auroc": 0.7024232810070643,
      "auprc": 0.9829911600199623,
      "fpr_at_95_tpr": 0.7932692307692307
    }
  }
}