{
  "mean_sigma": 0.21428173780441284,
  "max_sigma": 0.22096377611160278,
  "sigma_norm": 3.487269639968872,
  "train_size": 10000
}