{
  "mean_sigma": 0.39063847064971924,
  "max_sigma": 0.3930986225605011,
  "sigma_norm": 6.289389133453369,
  "train_size": 100
}