{
  "organamnist": {
    "predictive_entropy": {
      "auroc": 0.8759334769132694,
      "auprc": 0.9952877639775984,
      "fpr_at_95_tpr": 0.7403846153846154
    },
    "one_minus_max_softmax": {
      "auroc": 0.8759333416986135,
      "auprc": 0.9952877584162113,
      "fpr_at_95_tpr": 0.7403846153846154
    },
    "mutual_information": {
      "auroc": 0.1694739933539292,
      "auprc": 0.9235856409080221,
      "fpr_at_95_tpr": 1.0
    },
    "expected_entropy": {
      "auroc": 0.9153601775891264,
      "auprc": 0.996780366268884,
      "fpr_at_95_tpr": 0.49038461538461536
    },
    "softmax_variance_sum": {
      "auroc": 0.2561643910941498,
      "auprc": 0.9347443724728705,
      "fpr_at_95_tpr": 1.0
    },
    "softmax_variance_max": {
      "auroc": 0.2561643460225978,
      "auprc": 0.9347443717056105,
      "fpr_at_95_tpr": 1.0
    },
    "softmax_quantile_range_sum": {
      "auroc": 0.22335067866940123,
      "auprc": 0.9229010042886562,
      "fpr_at_95_tpr": 1.0
    },
    "softmax_quantile_range_max": {
      "auroc": 0.2233506335978493,
      "auprc": 0.9229009873590974,
      "fpr_at_95_tpr": 1.0
    },
    "expected_pairwise_kl": {
      "auroc": 0.13767290348774486,
      "auprc": 0.9190768587867748,
      "fpr_at_95_tpr": 1.0
    },
    "logit_variance_sum": {
      "auroc": 0.06736628532527958,
      "auprc": 0.9150820274697357,
      "fpr_at_95_tpr": 1.0
    },
    "logit_variance_max": {
      "auroc": 0.06736637546838356,
      "auprc": 0.9150820351226108,
      "fpr_at_95_tpr": 1.0
    }
  }
}