{
  "organamnist": {
    "predictive_entropy": {
      "auroc": 0.906499245682506,
      "auprc": 0.9938204903006751,
      "fpr_at_95_tpr": 0.21474358974358973
    },
    "one_minus_max_softmax": {
      "auroc": 0.9064991555394019,
      "auprc": 0.9938197966538209,
      "fpr_at_95_tpr": 0.21474358974358973
    },
    "mutual_information": {
      "auroc": 0.9393071438770478,
      "auprc": 0.9972641856175329,
      "fpr_at_95_tpr": 0.21474358974358973
    },
    "expected_entropy": {
      "auroc": 0.7846004388887446,
      "auprc": 0.9799310084277801,
      "fpr_at_95_tpr": 0.45032051282051283
    },
    "softmax_variance_sum": {
      "auroc": 0.9312274822526256,
      "auprc": 0.9967375260917498,
      "fpr_at_95_tpr": 0.21634615384615385
    },
    "softmax_variance_max": {
      "auroc": 0.9312274822526256,
      "auprc": 0.9967375260834465,
      "fpr_at_95_tpr": 0.21634615384615385
    },
    "softmax_quantile_range_sum": {
      "auroc": 0.9443594394973909,
      "auprc": 0.9976341218084454,
      "fpr_at_95_tpr": 0.24358974358974358
    },
    "softmax_quantile_range_max": {
      "auroc": 0.9443552929146078,
      "auprc": 0.997634012147707,
      "fpr_at_95_tpr": 0.24358974358974358
    },
    "expected_pairwise_kl": {
      "auroc": 0.9589317032575555,
      "auprc": 0.9983698063178257,
      "fpr_at_95_tpr": 0.21955128205128205
    },
    "logit_variance_sum": {
      "auroc": 0.8135111351973485,
      "auprc": 0.9766275310389761,
      "fpr_at_95_tpr": 0.3349358974358974
    },
    "logit_variance_max": {
      "auroc": 0.8134826499764907,
      "auprc": 0.9766228216031921,
      "fpr_at_95_tpr": 0.3349358974358974
    }
  }
}