{
  "bloodmnist": {
    "predictive_entropy": {
      "auroc": 0.7918587307654832,
      "auprc": 0.8857967088691528,
      "fpr_at_95_tpr": 0.28846153846153844
    },
    "one_minus_max_softmax": {
      "auroc": 0.791858964989994,
      "auprc": 0.885797156353664,
      "fpr_at_95_tpr": 0.28846153846153844
    },
    "mutual_information": {
      "auroc": 0.5,
      "auprc": 0.8457354758961682,
      "fpr_at_95_tpr": 1.0
    },
    "expected_entropy": {
      "auroc": 0.7918587307654832,
      "auprc": 0.8857967088691528,
      "fpr_at_95_tpr": 0.28846153846153844
    },
    "softmax_variance_sum": {
      "auroc": 0.5,
      "auprc": 0.8457354758961682,
      "fpr_at_95_tpr": 1.0
    },
    "softmax_variance_max": {
      "auroc": 0.5,
      "auprc": 0.8457354758961682,
      "fpr_at_95_tpr": 1.0
    },
    "softmax_quantile_range_sum": {
      "auroc": 0.5,
      "auprc": 0.8457354758961682,
      "fpr_at_95_tpr": 1.0
    },
    "softmax_quantile_range_max": {
      "auroc": 0.5,
      "auprc": 0.8457354758961682,
      "fpr_at_95_tpr": 1.0
    }
  }
}