{
  "organamnist": {
    "predictive_entropy": {
      "auroc": 0.4951173987729,
      "auprc": 0.9571549082797361,
      "fpr_at_95_tpr": 0.9423076923076923
    },
    "one_minus_max_softmax": {
      "auroc": 0.49511744384445194,
      "auprc": 0.9571548532995194,
      "fpr_at_95_tpr": 0.9423076923076923
    },
    "mutual_information": {
      "auroc": 0.5552970251333397,
      "auprc": 0.9618887584758278,
      "fpr_at_95_tpr": 0.8653846153846154
    },
    "expected_entropy": {
      "auroc": 0.4411091495971685,
      "auprc": 0.9567961043905753,
      "fpr_at_95_tpr": 0.9439102564102564
    },
    "softmax_variance_sum": {
      "auroc": 0.5357681075861552,
      "auprc": 0.9602920134690918,
      "fpr_at_95_tpr": 0.8974358974358975
    },
    "softmax_variance_max": {
      "auroc": 0.5357680174430512,
      "auprc": 0.9602920056275503,
      "fpr_at_95_tpr": 0.8974358974358975
    },
    "expected_pairwise_kl": {
      "auroc": 0.5667067983765588,
      "auprc": 0.9622059913387705,
      "fpr_at_95_tpr": 0.8349358974358975
    },
    "logit_variance_sum": {
      "auroc": 0.7967451037871642,
      "auprc": 0.9792430905917848,
      "fpr_at_95_tpr": 0.44871794871794873
    },
    "logit_variance_max": {
      "auroc": 0.7967452840733722,
      "auprc": 0.979243101916164,
      "fpr_at_95_tpr": 0.44871794871794873
    }
  }
}