{
  "organamnist": {
    "predictive_entropy": {
      "auroc": 0.8576716108356338,
      "auprc": 0.9908097401718619,
      "fpr_at_95_tpr": 0.34134615384615385
    },
    "one_minus_max_softmax": {
      "auroc": 0.857671115048562,
      "auprc": 0.9908096574935481,
      "fpr_at_95_tpr": 0.34134615384615385
    },
    "mutual_information": {
      "auroc": 0.5,
      "auprc": 0.9660906423214868,
      "fpr_at_95_tpr": 1.0
    },
    "expected_entropy": {
      "auroc": 0.8576716108356338,
      "auprc": 0.9908097401718619,
      "fpr_at_95_tpr": 0.34134615384615385
    },
    "softmax_variance_sum": {
      "auroc": 0.5,
      "auprc": 0.9660906423214868,
      "fpr_at_95_tpr": 1.0
    },
    "softmax_variance_max": {
      "auroc": 0.5,
      "auprc": 0.9660906423214868,
      "fpr_at_95_tpr": 1.0
    },
    "softmax_quantile_range_sum": {
      "auroc": 0.5,
      "auprc": 0.9660906423214868,
      "fpr_at_95_tpr": 1.0
    },
    "softmax_quantile_range_max": {
      "auroc": 0.5,
      "auprc": 0.9660906423214868,
      "fpr_at_95_tpr": 1.0
    }
  }
}