{
  "organamnist": {
    "predictive_entropy": {
      "auroc": 0.8169854307109623,
      "auprc": 0.9882253551640346,
      "fpr_at_95_tpr": 0.42788461538461536
    },
    "one_minus_max_softmax": {
      "auroc": 0.8169852954963064,
      "auprc": 0.9882253090618651,
      "fpr_at_95_tpr": 0.42788461538461536
    },
    "mutual_information": {
      "auroc": 0.5,
      "auprc": 0.9660906423214868,
      "fpr_at_95_tpr": 1.0
    },
    "expected_entropy": {
      "auroc": 0.8169854307109623,
      "auprc": 0.9882253551640346,
      "fpr_at_95_tpr": 0.42788461538461536
    },
    "softmax_variance_sum": {
      "auroc": 0.5,
      "auprc": 0.9660906423214868,
      "fpr_at_95_tpr": 1.0
    },
    "softmax_variance_max": {
      "auroc": 0.5,
      "auprc": 0.9660906423214868,
      "fpr_at_95_tpr": 1.0
    },
    "softmax_quantile_range_sum": {
      "auroc": 0.5,
      "auprc": 0.9660906423214868,
      "fpr_at_95_tpr": 1.0
    },
    "softmax_quantile_range_max": {
      "auroc": 0.5,
      "auprc": 0.9660906423214868,
      "fpr_at_95_tpr": 1.0
    }
  }
}