{
  "organamnist": {
    "predictive_entropy": {
      "auroc": 0.7728871087428715,
      "auprc": 0.9857853595079025,
      "fpr_at_95_tpr": 0.6073717948717948
    },
    "one_minus_max_softmax": {
      "auroc": 0.7728869284566635,
      "auprc": 0.9857854370121713,
      "fpr_at_95_tpr": 0.6073717948717948
    },
    "mutual_information": {
      "auroc": 0.76134049826781,
      "auprc": 0.9847778464270655,
      "fpr_at_95_tpr": 0.6153846153846154
    },
    "expected_entropy": {
      "auroc": 0.7038557000008654,
      "auprc": 0.9819169746229872,
      "fpr_at_95_tpr": 0.6955128205128205
    },
    "softmax_variance_sum": {
      "auroc": 0.7766535129849339,
      "auprc": 0.9853436630512994,
      "fpr_at_95_tpr": 0.5576923076923077
    },
    "softmax_variance_max": {
      "auroc": 0.7766535580564858,
      "auprc": 0.9853436636755661,
      "fpr_at_95_tpr": 0.5576923076923077
    },
    "softmax_quantile_range_sum": {
      "auroc": 0.7919028866706475,
      "auprc": 0.9874073208677424,
      "fpr_at_95_tpr": 0.5705128205128205
    },
    "softmax_quantile_range_max": {
      "auroc": 0.7919029317421995,
      "auprc": 0.9874073174398625,
      "fpr_at_95_tpr": 0.5705128205128205
    },
    "expected_pairwise_kl": {
      "auroc": 0.7614223932777764,
      "auprc": 0.9855200483556326,
      "fpr_at_95_tpr": 0.6410256410256411
    },
    "logit_variance_sum": {
      "auroc": 0.8201073568311166,
      "auprc": 0.9911730432500311,
      "fpr_at_95_tpr": 0.6666666666666666
    },
    "logit_variance_max": {
      "auroc": 0.8201070864018045,
      "auprc": 0.9911730312589782,
      "fpr_at_95_tpr": 0.6666666666666666
    }
  }
}