{
  "bloodmnist": {
    "predictive_entropy": {
      "auroc": 0.7418424287395349,
      "auprc": 0.8937196895812305,
      "fpr_at_95_tpr": 0.5432692307692307
    },
    "one_minus_max_softmax": {
      "auroc": 0.7418426629640456,
      "auprc": 0.8937196726791433,
      "fpr_at_95_tpr": 0.5432692307692307
    },
    "mutual_information": {
      "auroc": 0.7554855380418082,
      "auprc": 0.9239547812555495,
      "fpr_at_95_tpr": 0.5608974358974359
    },
    "expected_entropy": {
      "auroc": 0.7387872042212879,
      "auprc": 0.8860003119147766,
      "fpr_at_95_tpr": 0.5384615384615384
    },
    "softmax_variance_sum": {
      "auroc": 0.7506014885436108,
      "auprc": 0.9173563479497753,
      "fpr_at_95_tpr": 0.5592948717948718
    },
    "softmax_variance_max": {
      "auroc": 0.7506014885436108,
      "auprc": 0.9173563479497753,
      "fpr_at_95_tpr": 0.5592948717948718
    },
    "softmax_quantile_range_sum": {
      "auroc": 0.7508207226856745,
      "auprc": 0.9165261238115183,
      "fpr_at_95_tpr": 0.5576923076923077
    },
    "softmax_quantile_range_max": {
      "auroc": 0.7508207226856745,
      "auprc": 0.9165261238115183,
      "fpr_at_95_tpr": 0.5576923076923077
    }
  }
}