{
  "mean_sigma": 0.1786113977432251,
  "max_sigma": 0.1814330667257309,
  "sigma_norm": 2.889845609664917,
  "train_size": 1000
}