{
  "organamnist": {
    "predictive_entropy": {
      "auroc": 0.648912621765305,
      "auprc": 0.9685256006726765,
      "fpr_at_95_tpr": 0.8733974358974359
    },
    "one_minus_max_softmax": {
      "auroc": 0.6489127569799608,
      "auprc": 0.9685255978614254,
      "fpr_at_95_tpr": 0.8733974358974359
    },
    "mutual_information": {
      "auroc": 0.6756423507446541,
      "auprc": 0.9683304928707973,
      "fpr_at_95_tpr": 0.6778846153846154
    },
    "expected_entropy": {
      "auroc": 0.6493508524653058,
      "auprc": 0.9722835386725073,
      "fpr_at_95_tpr": 0.8846153846153846
    },
    "softmax_variance_sum": {
      "auroc": 0.6690631210859864,
      "auprc": 0.9675839585389655,
      "fpr_at_95_tpr": 0.7291666666666666
    },
    "softmax_variance_max": {
      "auroc": 0.6690632112290904,
      "auprc": 0.9675839613182651,
      "fpr_at_95_tpr": 0.7291666666666666
    },
    "softmax_quantile_range_sum": {
      "auroc": 0.6699560786740165,
      "auprc": 0.9673727786634597,
      "fpr_at_95_tpr": 0.7323717948717948
    },
    "softmax_quantile_range_max": {
      "auroc": 0.6699560786740166,
      "auprc": 0.9673727718632041,
      "fpr_at_95_tpr": 0.7323717948717948
    }
  }
}