{
  "organamnist": {
    "predictive_entropy": {
      "auroc": 0.7480352859771944,
      "auprc": 0.9842232291394002,
      "fpr_at_95_tpr": 0.6891025641025641
    },
    "one_minus_max_softmax": {
      "auroc": 0.7480354211918505,
      "auprc": 0.9842217019661188,
      "fpr_at_95_tpr": 0.6891025641025641
    },
    "mutual_information": {
      "auroc": 0.5,
      "auprc": 0.9660906423214868,
      "fpr_at_95_tpr": 1.0
    },
    "expected_entropy": {
      "auroc": 0.7480352859771944,
      "auprc": 0.9842232291394002,
      "fpr_at_95_tpr": 0.6891025641025641
    },
    "softmax_variance_sum": {
      "auroc": 0.5,
      "auprc": 0.9660906423214868,
      "fpr_at_95_tpr": 1.0
    },
    "softmax_variance_max": {
      "auroc": 0.5,
      "auprc": 0.9660906423214868,
      "fpr_at_95_tpr": 1.0
    },
    "softmax_quantile_range_sum": {
      "auroc": 0.5,
      "auprc": 0.9660906423214868,
      "fpr_at_95_tpr": 1.0
    },
    "softmax_quantile_range_max": {
      "auroc": 0.5,
      "auprc": 0.9660906423214868,
      "fpr_at_95_tpr": 1.0
    }
  }
}