{
  "organamnist": {
    "predictive_entropy": {
      "auroc": 0.6262272082175896,
      "auprc": 0.9606885275594303,
      "fpr_at_95_tpr": 0.48717948717948717
    },
    "one_minus_max_softmax": {
      "auroc": 0.6262271631460375,
      "auprc": 0.9606884261657425,
      "fpr_at_95_tpr": 0.48717948717948717
    },
    "mutual_information": {
      "auroc": 0.968662200616723,
      "auprc": 0.9986742609195796,
      "fpr_at_95_tpr": 0.1362179487179487
    },
    "expected_entropy": {
      "auroc": 0.1896719980904085,
      "auprc": 0.9151971414248802,
      "fpr_at_95_tpr": 0.9983974358974359
    },
    "softmax_variance_sum": {
      "auroc": 0.8915797056142568,
      "auprc": 0.9941585765423282,
      "fpr_at_95_tpr": 0.30288461538461536
    },
    "softmax_variance_max": {
      "auroc": 0.8915797056142568,
      "auprc": 0.9941585765564197,
      "fpr_at_95_tpr": 0.30288461538461536
    },
    "softmax_quantile_range_sum": {
      "auroc": 0.9773919743070518,
      "auprc": 0.999147149330796,
      "fpr_at_95_tpr": 0.13942307692307693
    },
    "softmax_quantile_range_max": {
      "auroc": 0.977392019378604,
      "auprc": 0.999147152608298,
      "fpr_at_95_tpr": 0.13942307692307693
    },
    "expected_pairwise_kl": {
      "auroc": 0.9926922788465146,
      "auprc": 0.9997417666682566,
      "fpr_at_95_tpr": 0.016025641025641024
    },
    "logit_variance_sum": {
      "auroc": 0.988654048074399,
      "auprc": 0.9996037217393676,
      "fpr_at_95_tpr": 0.014423076923076924
    },
    "logit_variance_max": {
      "auroc": 0.988654048074399,
      "auprc": 0.9996037217393675,
      "fpr_at_95_tpr": 0.014423076923076924
    }
  }
}