{
  "bloodmnist": {
    "predictive_entropy": {
      "auroc": 0.9474203449283835,
      "auprc": 0.9858987131666899,
      "fpr_at_95_tpr": 0.24519230769230768
    },
    "one_minus_max_softmax": {
      "auroc": 0.9474203449283836,
      "auprc": 0.9858986803974388,
      "fpr_at_95_tpr": 0.24519230769230768
    },
    "mutual_information": {
      "auroc": 0.5,
      "auprc": 0.8457354758961682,
      "fpr_at_95_tpr": 1.0
    },
    "expected_entropy": {
      "auroc": 0.9474203449283835,
      "auprc": 0.9858987131666899,
      "fpr_at_95_tpr": 0.24519230769230768
    },
    "softmax_variance_sum": {
      "auroc": 0.5,
      "auprc": 0.8457354758961682,
      "fpr_at_95_tpr": 1.0
    },
    "softmax_variance_max": {
      "auroc": 0.5,
      "auprc": 0.8457354758961682,
      "fpr_at_95_tpr": 1.0
    },
    "softmax_quantile_range_sum": {
      "auroc": 0.5,
      "auprc": 0.8457354758961682,
      "fpr_at_95_tpr": 1.0
    },
    "softmax_quantile_range_max": {
      "auroc": 0.5,
      "auprc": 0.8457354758961682,
      "fpr_at_95_tpr": 1.0
    }
  }
}