{
  "mean_sigma": 0.004061547573655844,
  "max_sigma": 0.004649432376027107,
  "sigma_norm": 0.13419006764888763
}