{
  "tail_0": {
    "predictive_entropy": {
      "auroc": 0.7374424720578566,
      "auprc": 0.6711478138405454,
      "fpr_at_95_tpr": 0.9948717948717949
    },
    "one_minus_max_softmax": {
      "auroc": 0.7374424720578566,
      "auprc": 0.6711478138405454,
      "fpr_at_95_tpr": 0.9948717948717949
    },
    "mutual_information": {
      "auroc": 0.85318869165023,
      "auprc": 0.8101908284043462,
      "fpr_at_95_tpr": 0.7333333333333333
    },
    "expected_entropy": {
      "auroc": 0.5677733946964716,
      "auprc": 0.41677775935683636,
      "fpr_at_95_tpr": 1.0
    },
    "softmax_variance_sum": {
      "auroc": 0.8220578566732413,
      "auprc": 0.7830427157013764,
      "fpr_at_95_tpr": 0.9025641025641026
    },
    "softmax_variance_max": {
      "auroc": 0.8220578566732413,
      "auprc": 0.7830427157013764,
      "fpr_at_95_tpr": 0.9025641025641026
    },
    "expected_pairwise_kl": {
      "auroc": 0.8753561253561254,
      "auprc": 0.826621582396713,
      "fpr_at_95_tpr": 0.6461538461538462
    },
    "logit_variance_sum": {
      "auroc": 0.9221126451895681,
      "auprc": 0.8890715478106234,
      "fpr_at_95_tpr": 0.358974358974359
    },
    "logit_variance_max": {
      "auroc": 0.9221126451895681,
      "auprc": 0.8890715478106234,
      "fpr_at_95_tpr": 0.358974358974359
    }
  }
}