{
  "bloodmnist": {
    "predictive_entropy": {
      "auroc": 0.2913546796183452,
      "auprc": 0.7798479717736307,
      "fpr_at_95_tpr": 1.0
    },
    "one_minus_max_softmax": {
      "auroc": 0.2913542111693237,
      "auprc": 0.7798476894597354,
      "fpr_at_95_tpr": 1.0
    },
    "mutual_information": {
      "auroc": 0.5166224450790367,
      "auprc": 0.888635845500306,
      "fpr_at_95_tpr": 0.9967948717948718
    },
    "expected_entropy": {
      "auroc": 0.3160421772761001,
      "auprc": 0.792177316794791,
      "fpr_at_95_tpr": 1.0
    },
    "softmax_variance_sum": {
      "auroc": 0.473138898882468,
      "auprc": 0.8764924374662159,
      "fpr_at_95_tpr": 1.0
    },
    "softmax_variance_max": {
      "auroc": 0.4731391331069788,
      "auprc": 0.8764925347001999,
      "fpr_at_95_tpr": 1.0
    },
    "softmax_quantile_range_sum": {
      "auroc": 0.6637946057158275,
      "auprc": 0.9102498325416948,
      "fpr_at_95_tpr": 0.9839743589743589
    },
    "softmax_quantile_range_max": {
      "auroc": 0.6637943714913169,
      "auprc": 0.9102497204116471,
      "fpr_at_95_tpr": 0.9839743589743589
    },
    "expected_pairwise_kl": {
      "auroc": 0.5291337815453572,
      "auprc": 0.8896857371784225,
      "fpr_at_95_tpr": 0.9775641025641025
    },
    "logit_variance_sum": {
      "auroc": 0.6093355331699383,
      "auprc": 0.8960065626264034,
      "fpr_at_95_tpr": 0.7692307692307693
    },
    "logit_variance_max": {
      "auroc": 0.6093355331699384,
      "auprc": 0.8960065972623236,
      "fpr_at_95_tpr": 0.7692307692307693
    }
  }
}