{
  "mean_sigma": 0.009667428210377693,
  "max_sigma": 0.010261712595820427,
  "sigma_norm": 0.3133924901485443,
  "train_size": 1000
}