{
  "organamnist": {
    "predictive_entropy": {
      "auroc": 0.8875947494165939,
      "auprc": 0.9932884902433646,
      "fpr_at_95_tpr": 0.328525641025641
    },
    "one_minus_max_softmax": {
      "auroc": 0.8875947944881457,
      "auprc": 0.9932886681956363,
      "fpr_at_95_tpr": 0.328525641025641
    },
    "mutual_information": {
      "auroc": 0.9366364290638676,
      "auprc": 0.997421582124395,
      "fpr_at_95_tpr": 0.3157051282051282
    },
    "expected_entropy": {
      "auroc": 0.7933020428590797,
      "auprc": 0.9786120542786534,
      "fpr_at_95_tpr": 0.375
    },
    "softmax_variance_sum": {
      "auroc": 0.9304172760340497,
      "auprc": 0.9971064695902206,
      "fpr_at_95_tpr": 0.32211538461538464
    },
    "softmax_variance_max": {
      "auroc": 0.9304172760340497,
      "auprc": 0.9971064695748185,
      "fpr_at_95_tpr": 0.32211538461538464
    }
  }
}