{
  "bloodmnist": {
    "predictive_entropy": {
      "auroc": 0.6513029441084104,
      "auprc": 0.8303725853470607,
      "fpr_at_95_tpr": 0.4807692307692308
    },
    "one_minus_max_softmax": {
      "auroc": 0.6513031783329212,
      "auprc": 0.830376136739998,
      "fpr_at_95_tpr": 0.4807692307692308
    },
    "mutual_information": {
      "auroc": 0.5,
      "auprc": 0.8457354758961682,
      "fpr_at_95_tpr": 1.0
    },
    "expected_entropy": {
      "auroc": 0.6513029441084104,
      "auprc": 0.8303725853470607,
      "fpr_at_95_tpr": 0.4807692307692308
    },
    "softmax_variance_sum": {
      "auroc": 0.5,
      "auprc": 0.8457354758961682,
      "fpr_at_95_tpr": 1.0
    },
    "softmax_variance_max": {
      "auroc": 0.5,
      "auprc": 0.8457354758961682,
      "fpr_at_95_tpr": 1.0
    },
    "softmax_quantile_range_sum": {
      "auroc": 0.5,
      "auprc": 0.8457354758961682,
      "fpr_at_95_tpr": 1.0
    },
    "softmax_quantile_range_max": {
      "auroc": 0.5,
      "auprc": 0.8457354758961682,
      "fpr_at_95_tpr": 1.0
    }
  }
}