{
  "mean_sigma": 0.5180065631866455,
  "max_sigma": 0.5348366498947144,
  "sigma_norm": 50.76983642578125
}