{
  "tail_0": {
    "predictive_entropy": {
      "auroc": 0.7857769011615164,
      "auprc": 0.672037841168308,
      "fpr_at_95_tpr": 0.823076923076923
    },
    "mutual_information": {
      "auroc": 0.5,
      "auprc": 0.375,
      "fpr_at_95_tpr": 1.0
    },
    "expected_entropy": {
      "auroc": 0.7857769011615164,
      "auprc": 0.672037841168308,
      "fpr_at_95_tpr": 0.823076923076923
    },
    "one_minus_max_softmax": {
      "auroc": 0.7857769011615164,
      "auprc": 0.672037841168308,
      "fpr_at_95_tpr": 0.823076923076923
    }
  }
}