{
  "bloodmnist": {
    "predictive_entropy": {
      "auroc": 0.5576126713586521,
      "auprc": 0.8659894595479302,
      "fpr_at_95_tpr": 0.9326923076923077
    },
    "one_minus_max_softmax": {
      "auroc": 0.557612671358652,
      "auprc": 0.8659872450616466,
      "fpr_at_95_tpr": 0.9326923076923077
    },
    "mutual_information": {
      "auroc": 0.5,
      "auprc": 0.8457354758961682,
      "fpr_at_95_tpr": 1.0
    },
    "expected_entropy": {
      "auroc": 0.5576126713586521,
      "auprc": 0.8659894595479302,
      "fpr_at_95_tpr": 0.9326923076923077
    },
    "softmax_variance_sum": {
      "auroc": 0.5,
      "auprc": 0.8457354758961682,
      "fpr_at_95_tpr": 1.0
    },
    "softmax_variance_max": {
      "auroc": 0.5,
      "auprc": 0.8457354758961682,
      "fpr_at_95_tpr": 1.0
    },
    "softmax_quantile_range_sum": {
      "auroc": 0.5,
      "auprc": 0.8457354758961682,
      "fpr_at_95_tpr": 1.0
    },
    "softmax_quantile_range_max": {
      "auroc": 0.5,
      "auprc": 0.8457354758961682,
      "fpr_at_95_tpr": 1.0
    }
  }
}