{
  "organamnist": {
    "predictive_entropy": {
      "auroc": 0.8870304535856762,
      "auprc": 0.9930443704013732,
      "fpr_at_95_tpr": 0.3060897435897436
    },
    "one_minus_max_softmax": {
      "auroc": 0.8870303634425725,
      "auprc": 0.9930439502425483,
      "fpr_at_95_tpr": 0.3060897435897436
    },
    "mutual_information": {
      "auroc": 0.9308369823261825,
      "auprc": 0.9971391716186313,
      "fpr_at_95_tpr": 0.32211538461538464
    },
    "expected_entropy": {
      "auroc": 0.7925932476324815,
      "auprc": 0.9773391094846969,
      "fpr_at_95_tpr": 0.3301282051282051
    },
    "softmax_variance_sum": {
      "auroc": 0.9253002125934964,
      "auprc": 0.9967825921776683,
      "fpr_at_95_tpr": 0.32211538461538464
    },
    "softmax_variance_max": {
      "auroc": 0.9253002125934964,
      "auprc": 0.996782592178933,
      "fpr_at_95_tpr": 0.32211538461538464
    }
  }
}