{
  "bloodmnist": {
    "predictive_entropy": {
      "auroc": 0.5434664478072838,
      "auprc": 0.8483102937311788,
      "fpr_at_95_tpr": 0.8894230769230769
    },
    "one_minus_max_softmax": {
      "auroc": 0.5434664478072838,
      "auprc": 0.8483103608266639,
      "fpr_at_95_tpr": 0.8894230769230769
    },
    "mutual_information": {
      "auroc": 0.5,
      "auprc": 0.8457354758961682,
      "fpr_at_95_tpr": 1.0
    },
    "expected_entropy": {
      "auroc": 0.5434664478072838,
      "auprc": 0.8483102937311788,
      "fpr_at_95_tpr": 0.8894230769230769
    },
    "softmax_variance_sum": {
      "auroc": 0.5,
      "auprc": 0.8457354758961682,
      "fpr_at_95_tpr": 1.0
    },
    "softmax_variance_max": {
      "auroc": 0.5,
      "auprc": 0.8457354758961682,
      "fpr_at_95_tpr": 1.0
    },
    "softmax_quantile_range_sum": {
      "auroc": 0.5,
      "auprc": 0.8457354758961682,
      "fpr_at_95_tpr": 1.0
    },
    "softmax_quantile_range_max": {
      "auroc": 0.5,
      "auprc": 0.8457354758961682,
      "fpr_at_95_tpr": 1.0
    }
  }
}