{
  "organamnist": {
    "predictive_entropy": {
      "auroc": 0.7935016196912923,
      "auprc": 0.9812307737315139,
      "fpr_at_95_tpr": 0.4583333333333333
    },
    "one_minus_max_softmax": {
      "auroc": 0.7935014844766364,
      "auprc": 0.9812307548494966,
      "fpr_at_95_tpr": 0.4583333333333333
    },
    "mutual_information": {
      "auroc": 0.5,
      "auprc": 0.9660906423214868,
      "fpr_at_95_tpr": 1.0
    },
    "expected_entropy": {
      "auroc": 0.7935016196912923,
      "auprc": 0.9812307737315139,
      "fpr_at_95_tpr": 0.4583333333333333
    },
    "softmax_variance_sum": {
      "auroc": 0.5,
      "auprc": 0.9660906423214868,
      "fpr_at_95_tpr": 1.0
    },
    "softmax_variance_max": {
      "auroc": 0.5,
      "auprc": 0.9660906423214868,
      "fpr_at_95_tpr": 1.0
    },
    "softmax_quantile_range_sum": {
      "auroc": 0.5,
      "auprc": 0.9660906423214868,
      "fpr_at_95_tpr": 1.0
    },
    "softmax_quantile_range_max": {
      "auroc": 0.5,
      "auprc": 0.9660906423214868,
      "fpr_at_95_tpr": 1.0
    }
  }
}