{
  "bloodmnist": {
    "predictive_entropy": {
      "auroc": 0.7295529028848965,
      "auprc": 0.9184110949931777,
      "fpr_at_95_tpr": 0.6826923076923077
    },
    "one_minus_max_softmax": {
      "auroc": 0.7295526686603857,
      "auprc": 0.9184737905989515,
      "fpr_at_95_tpr": 0.6826923076923077
    },
    "mutual_information": {
      "auroc": 0.8055074614560145,
      "auprc": 0.9553521074775679,
      "fpr_at_95_tpr": 0.6105769230769231
    },
    "expected_entropy": {
      "auroc": 0.6585639039417174,
      "auprc": 0.8573112017667118,
      "fpr_at_95_tpr": 0.7419871794871795
    },
    "softmax_variance_sum": {
      "auroc": 0.7851308659186473,
      "auprc": 0.9483001369518644,
      "fpr_at_95_tpr": 0.6266025641025641
    },
    "softmax_variance_max": {
      "auroc": 0.7851308659186473,
      "auprc": 0.9483001369518644,
      "fpr_at_95_tpr": 0.6266025641025641
    },
    "softmax_quantile_range_sum": {
      "auroc": 0.7655363460226803,
      "auprc": 0.9448034108449523,
      "fpr_at_95_tpr": 0.7355769230769231
    },
    "softmax_quantile_range_max": {
      "auroc": 0.7655363460226805,
      "auprc": 0.944803420837503,
      "fpr_at_95_tpr": 0.7355769230769231
    },
    "expected_pairwise_kl": {
      "auroc": 0.8237329390866368,
      "auprc": 0.9608554857154292,
      "fpr_at_95_tpr": 0.6009615384615384
    },
    "logit_variance_sum": {
      "auroc": 0.7759600394246696,
      "auprc": 0.9248175568912694,
      "fpr_at_95_tpr": 0.47115384615384615
    },
    "logit_variance_max": {
      "auroc": 0.7759586340776051,
      "auprc": 0.9248166930663412,
      "fpr_at_95_tpr": 0.47115384615384615
    }
  }
}