{
  "bloodmnist": {
    "predictive_entropy": {
      "auroc": 0.02193957569761427,
      "auprc": 0.6627451686383243,
      "fpr_at_95_tpr": 0.9983974358974359
    },
    "one_minus_max_softmax": {
      "auroc": 0.021939809922125027,
      "auprc": 0.6627470737010369,
      "fpr_at_95_tpr": 0.9983974358974359
    },
    "mutual_information": {
      "auroc": 0.5,
      "auprc": 0.8457354758961682,
      "fpr_at_95_tpr": 1.0
    },
    "expected_entropy": {
      "auroc": 0.02193957569761427,
      "auprc": 0.6627451686383243,
      "fpr_at_95_tpr": 0.9983974358974359
    },
    "softmax_variance_sum": {
      "auroc": 0.5,
      "auprc": 0.8457354758961682,
      "fpr_at_95_tpr": 1.0
    },
    "softmax_variance_max": {
      "auroc": 0.5,
      "auprc": 0.8457354758961682,
      "fpr_at_95_tpr": 1.0
    },
    "softmax_quantile_range_sum": {
      "auroc": 0.5,
      "auprc": 0.8457354758961682,
      "fpr_at_95_tpr": 1.0
    },
    "softmax_quantile_range_max": {
      "auroc": 0.5,
      "auprc": 0.8457354758961682,
      "fpr_at_95_tpr": 1.0
    }
  }
}