{
  "organamnist": {
    "predictive_entropy": {
      "auroc": 0.7335672276452313,
      "auprc": 0.9806180292715163,
      "fpr_at_95_tpr": 0.4935897435897436
    },
    "one_minus_max_softmax": {
      "auroc": 0.7335671375021273,
      "auprc": 0.980618437585101,
      "fpr_at_95_tpr": 0.4935897435897436
    },
    "mutual_information": {
      "auroc": 0.8238085425374491,
      "auprc": 0.9915461883184102,
      "fpr_at_95_tpr": 0.48878205128205127
    },
    "expected_entropy": {
      "auroc": 0.6618297679932847,
      "auprc": 0.9624172609426579,
      "fpr_at_95_tpr": 0.5416666666666666
    },
    "softmax_variance_sum": {
      "auroc": 0.7942570639742003,
      "auprc": 0.9892616140636212,
      "fpr_at_95_tpr": 0.4823717948717949
    },
    "softmax_variance_max": {
      "auroc": 0.7942571090457523,
      "auprc": 0.9892616198690722,
      "fpr_at_95_tpr": 0.4823717948717949
    },
    "softmax_quantile_range_sum": {
      "auroc": 0.7895757072267365,
      "auprc": 0.9892264246289725,
      "fpr_at_95_tpr": 0.5
    },
    "softmax_quantile_range_max": {
      "auroc": 0.7895757072267366,
      "auprc": 0.9892264242146693,
      "fpr_at_95_tpr": 0.5
    },
    "expected_pairwise_kl": {
      "auroc": 0.847333413740982,
      "auprc": 0.9930717967764263,
      "fpr_at_95_tpr": 0.4775641025641026
    },
    "logit_variance_sum": {
      "auroc": 0.8212301342627447,
      "auprc": 0.9921058541286795,
      "fpr_at_95_tpr": 0.7756410256410257
    },
    "logit_variance_max": {
      "auroc": 0.821229277903257,
      "auprc": 0.992105806300806,
      "fpr_at_95_tpr": 0.7756410256410257
    }
  }
}