{
  "mean_sigma": 0.004302026238292456,
  "max_sigma": 0.004847932141274214,
  "sigma_norm": 0.1415506899356842
}