{
  "organamnist": {
    "predictive_entropy": {
      "auroc": 0.3390258252781456,
      "auprc": 0.9554688230044968,
      "fpr_at_95_tpr": 1.0
    },
    "one_minus_max_softmax": {
      "auroc": 0.33902406748761793,
      "auprc": 0.9553759127876473,
      "fpr_at_95_tpr": 1.0
    },
    "mutual_information": {
      "auroc": 0.7766549552745976,
      "auprc": 0.9907366880817339,
      "fpr_at_95_tpr": 0.8653846153846154
    },
    "expected_entropy": {
      "auroc": 0.22186345266838012,
      "auprc": 0.9402231899844176,
      "fpr_at_95_tpr": 1.0
    },
    "softmax_variance_sum": {
      "auroc": 0.7775484987928036,
      "auprc": 0.9907984388137512,
      "fpr_at_95_tpr": 0.8541666666666666
    },
    "softmax_variance_max": {
      "auroc": 0.7775484987928035,
      "auprc": 0.99079843832463,
      "fpr_at_95_tpr": 0.8541666666666666
    },
    "softmax_quantile_range_sum": {
      "auroc": 0.7029168595729092,
      "auprc": 0.9864200057937222,
      "fpr_at_95_tpr": 0.907051282051282
    },
    "softmax_quantile_range_max": {
      "auroc": 0.7029169497160133,
      "auprc": 0.9864200066641342,
      "fpr_at_95_tpr": 0.907051282051282
    },
    "expected_pairwise_kl": {
      "auroc": 0.7729514709191135,
      "auprc": 0.9905340086292016,
      "fpr_at_95_tpr": 0.875
    },
    "logit_variance_sum": {
      "auroc": 0.8838735519411777,
      "auprc": 0.9955660790084722,
      "fpr_at_95_tpr": 0.6971153846153846
    },
    "logit_variance_max": {
      "auroc": 0.8838734167265216,
      "auprc": 0.9955660787499878,
      "fpr_at_95_tpr": 0.6971153846153846
    }
  }
}