{
  "mean_sigma": 0.07388344407081604,
  "max_sigma": 0.0744069367647171,
  "sigma_norm": 2.3687496185302734
}