{
  "bloodmnist": {
    "predictive_entropy": {
      "auroc": 0.7372431962464118,
      "auprc": 0.9227270155940954,
      "fpr_at_95_tpr": 0.7516025641025641
    },
    "one_minus_max_softmax": {
      "auroc": 0.7372455384915192,
      "auprc": 0.9227187819189393,
      "fpr_at_95_tpr": 0.7516025641025641
    },
    "mutual_information": {
      "auroc": 0.5,
      "auprc": 0.8457354758961682,
      "fpr_at_95_tpr": 1.0
    },
    "expected_entropy": {
      "auroc": 0.7372431962464118,
      "auprc": 0.9227270155940954,
      "fpr_at_95_tpr": 0.7516025641025641
    },
    "softmax_variance_sum": {
      "auroc": 0.5,
      "auprc": 0.8457354758961682,
      "fpr_at_95_tpr": 1.0
    },
    "softmax_variance_max": {
      "auroc": 0.5,
      "auprc": 0.8457354758961682,
      "fpr_at_95_tpr": 1.0
    },
    "softmax_quantile_range_sum": {
      "auroc": 0.5,
      "auprc": 0.8457354758961682,
      "fpr_at_95_tpr": 1.0
    },
    "softmax_quantile_range_max": {
      "auroc": 0.5,
      "auprc": 0.8457354758961682,
      "fpr_at_95_tpr": 1.0
    }
  }
}