{
  "organamnist": {
    "predictive_entropy": {
      "auroc": 0.7793616371862659,
      "auprc": 0.9846204439435134,
      "fpr_at_95_tpr": 0.47435897435897434
    },
    "one_minus_max_softmax": {
      "auroc": 0.7793617724009219,
      "auprc": 0.9846209369093695,
      "fpr_at_95_tpr": 0.47435897435897434
    },
    "mutual_information": {
      "auroc": 0.9005946019424758,
      "auprc": 0.9957820858752436,
      "fpr_at_95_tpr": 0.38782051282051283
    },
    "expected_entropy": {
      "auroc": 0.6579982353585966,
      "auprc": 0.9707000859009804,
      "fpr_at_95_tpr": 0.6442307692307693
    },
    "softmax_variance_sum": {
      "auroc": 0.8676040287477176,
      "auprc": 0.9938760819420223,
      "fpr_at_95_tpr": 0.3942307692307692
    },
    "softmax_variance_max": {
      "auroc": 0.8676040287477176,
      "auprc": 0.993876081896062,
      "fpr_at_95_tpr": 0.3942307692307692
    },
    "softmax_quantile_range_sum": {
      "auroc": 0.8777900642828503,
      "auprc": 0.994533722100845,
      "fpr_at_95_tpr": 0.40865384615384615
    },
    "softmax_quantile_range_max": {
      "auroc": 0.8777901544259542,
      "auprc": 0.9945337217410789,
      "fpr_at_95_tpr": 0.40865384615384615
    },
    "expected_pairwise_kl": {
      "auroc": 0.924509837857796,
      "auprc": 0.9969785143308298,
      "fpr_at_95_tpr": 0.3798076923076923
    },
    "logit_variance_sum": {
      "auroc": 0.9018045026841011,
      "auprc": 0.9960381638415401,
      "fpr_at_95_tpr": 0.5368589743589743
    },
    "logit_variance_max": {
      "auroc": 0.9018041421116851,
      "auprc": 0.9960381448209468,
      "fpr_at_95_tpr": 0.5368589743589743
    }
  }
}