{
  "tail_0": {
    "predictive_entropy": {
      "auroc": 0.8777339469647162,
      "auprc": 0.74457765228553,
      "fpr_at_95_tpr": 0.38974358974358975
    },
    "mutual_information": {
      "auroc": 0.916622835853605,
      "auprc": 0.8212407158786484,
      "fpr_at_95_tpr": 0.28717948717948716
    },
    "expected_entropy": {
      "auroc": 0.7225180802103879,
      "auprc": 0.519649467673003,
      "fpr_at_95_tpr": 0.6333333333333333
    },
    "one_minus_max_softmax": {
      "auroc": 0.8777339469647162,
      "auprc": 0.74457765228553,
      "fpr_at_95_tpr": 0.38974358974358975
    }
  }
}