{
  "tail_0": {
    "predictive_entropy": {
      "auroc": 0.8619767696690774,
      "auprc": 0.843507098203274,
      "fpr_at_95_tpr": 0.7333333333333333
    },
    "one_minus_max_softmax": {
      "auroc": 0.86198224852071,
      "auprc": 0.8435070982032741,
      "fpr_at_95_tpr": 0.7333333333333333
    },
    "mutual_information": {
      "auroc": 0.5,
      "auprc": 0.375,
      "fpr_at_95_tpr": 1.0
    },
    "expected_entropy": {
      "auroc": 0.8619767696690774,
      "auprc": 0.843507098203274,
      "fpr_at_95_tpr": 0.7333333333333333
    },
    "softmax_variance_sum": {
      "auroc": 0.5,
      "auprc": 0.375,
      "fpr_at_95_tpr": 1.0
    },
    "softmax_variance_max": {
      "auroc": 0.5,
      "auprc": 0.375,
      "fpr_at_95_tpr": 1.0
    },
    "softmax_quantile_range_sum": {
      "auroc": 0.5,
      "auprc": 0.375,
      "fpr_at_95_tpr": 1.0
    },
    "softmax_quantile_range_max": {
      "auroc": 0.5,
      "auprc": 0.375,
      "fpr_at_95_tpr": 1.0
    }
  }
}