{
  "mean_sigma": 0.4066503047943115,
  "max_sigma": 0.4090959131717682,
  "sigma_norm": 6.54604959487915,
  "train_size": 100
}