{
  "bloodmnist": {
    "predictive_entropy": {
      "auroc": 0.8240275935211627,
      "auprc": 0.9456523695884177,
      "fpr_at_95_tpr": 0.483974358974359
    },
    "one_minus_max_softmax": {
      "auroc": 0.8240275935211625,
      "auprc": 0.9456521670425989,
      "fpr_at_95_tpr": 0.483974358974359
    },
    "mutual_information": {
      "auroc": 0.8974302760476395,
      "auprc": 0.9784109385590907,
      "fpr_at_95_tpr": 0.4423076923076923
    },
    "expected_entropy": {
      "auroc": 0.7473794961737084,
      "auprc": 0.88901561652867,
      "fpr_at_95_tpr": 0.5032051282051282
    },
    "softmax_variance_sum": {
      "auroc": 0.8800597178812612,
      "auprc": 0.9736739334550043,
      "fpr_at_95_tpr": 0.44871794871794873
    },
    "softmax_variance_max": {
      "auroc": 0.8800597178812612,
      "auprc": 0.9736739334550043,
      "fpr_at_95_tpr": 0.44871794871794873
    },
    "softmax_quantile_range_sum": {
      "auroc": 0.8787349440484489,
      "auprc": 0.9727904500452975,
      "fpr_at_95_tpr": 0.46314102564102566
    },
    "softmax_quantile_range_max": {
      "auroc": 0.8787349440484489,
      "auprc": 0.9727904549653443,
      "fpr_at_95_tpr": 0.46314102564102566
    },
    "expected_pairwise_kl": {
      "auroc": 0.902391619634385,
      "auprc": 0.9795732568062641,
      "fpr_at_95_tpr": 0.4391025641025641
    },
    "logit_variance_sum": {
      "auroc": 0.7753220118573816,
      "auprc": 0.9385667139918108,
      "fpr_at_95_tpr": 0.6089743589743589
    },
    "logit_variance_max": {
      "auroc": 0.7753201380612957,
      "auprc": 0.9385663002190454,
      "fpr_at_95_tpr": 0.6089743589743589
    }
  }
}