{
  "mean_sigma": 0.35461199283599854,
  "max_sigma": 0.37145769596099854,
  "sigma_norm": 34.93083953857422
}