{
  "bloodmnist": {
    "predictive_entropy": {
      "auroc": 0.9194843875310114,
      "auprc": 0.9777892466699069,
      "fpr_at_95_tpr": 0.27724358974358976
    },
    "one_minus_max_softmax": {
      "auroc": 0.9194843875310112,
      "auprc": 0.977789208608008,
      "fpr_at_95_tpr": 0.27724358974358976
    },
    "mutual_information": {
      "auroc": 0.9612002413449359,
      "auprc": 0.9923423630203015,
      "fpr_at_95_tpr": 0.2483974358974359
    },
    "expected_entropy": {
      "auroc": 0.8132354649637608,
      "auprc": 0.9029606702100478,
      "fpr_at_95_tpr": 0.3060897435897436
    },
    "softmax_variance_sum": {
      "auroc": 0.9557896551465683,
      "auprc": 0.9911633288707596,
      "fpr_at_95_tpr": 0.2676282051282051
    },
    "softmax_variance_max": {
      "auroc": 0.9557896551465683,
      "auprc": 0.9911633288707598,
      "fpr_at_95_tpr": 0.2676282051282051
    }
  }
}