{
  "bloodmnist": {
    "predictive_entropy": {
      "auroc": 0.9209670286840705,
      "auprc": 0.9748415380593115,
      "fpr_at_95_tpr": 0.27403846153846156
    },
    "one_minus_max_softmax": {
      "auroc": 0.9209670286840705,
      "auprc": 0.9748415884192281,
      "fpr_at_95_tpr": 0.27403846153846156
    },
    "mutual_information": {
      "auroc": 0.5,
      "auprc": 0.8457354758961682,
      "fpr_at_95_tpr": 1.0
    },
    "expected_entropy": {
      "auroc": 0.9209670286840705,
      "auprc": 0.9748415380593115,
      "fpr_at_95_tpr": 0.27403846153846156
    },
    "softmax_variance_sum": {
      "auroc": 0.5,
      "auprc": 0.8457354758961682,
      "fpr_at_95_tpr": 1.0
    },
    "softmax_variance_max": {
      "auroc": 0.5,
      "auprc": 0.8457354758961682,
      "fpr_at_95_tpr": 1.0
    },
    "softmax_quantile_range_sum": {
      "auroc": 0.5,
      "auprc": 0.8457354758961682,
      "fpr_at_95_tpr": 1.0
    },
    "softmax_quantile_range_max": {
      "auroc": 0.5,
      "auprc": 0.8457354758961682,
      "fpr_at_95_tpr": 1.0
    }
  }
}