{
  "mean_sigma": 0.010186473838984966,
  "max_sigma": 0.010755937546491623,
  "sigma_norm": 0.3297297954559326,
  "train_size": 1000
}