{
  "organamnist": {
    "predictive_entropy": {
      "auroc": 0.8141936086375843,
      "auprc": 0.988887497239004,
      "fpr_at_95_tpr": 0.5625
    },
    "one_minus_max_softmax": {
      "auroc": 0.8141932931367204,
      "auprc": 0.9888874288579018,
      "fpr_at_95_tpr": 0.5625
    },
    "mutual_information": {
      "auroc": 0.8467180518416596,
      "auprc": 0.9917547581084073,
      "fpr_at_95_tpr": 0.530448717948718
    },
    "expected_entropy": {
      "auroc": 0.7797743573878404,
      "auprc": 0.982977900526291,
      "fpr_at_95_tpr": 0.5705128205128205
    },
    "softmax_variance_sum": {
      "auroc": 0.8407712211289666,
      "auprc": 0.9911676602319428,
      "fpr_at_95_tpr": 0.5432692307692307
    },
    "softmax_variance_max": {
      "auroc": 0.8407714915582787,
      "auprc": 0.9911676686648642,
      "fpr_at_95_tpr": 0.5432692307692307
    },
    "softmax_quantile_range_sum": {
      "auroc": 0.8368826279094588,
      "auprc": 0.9908276954092795,
      "fpr_at_95_tpr": 0.5480769230769231
    },
    "softmax_quantile_range_max": {
      "auroc": 0.8368824926948029,
      "auprc": 0.9908276845782609,
      "fpr_at_95_tpr": 0.5480769230769231
    }
  }
}