{
  "organamnist": {
    "predictive_entropy": {
      "auroc": 0.9901262652486074,
      "auprc": 0.9996462464320057,
      "fpr_at_95_tpr": 0.052884615384615384
    },
    "one_minus_max_softmax": {
      "auroc": 0.9901262201770554,
      "auprc": 0.9996462463671132,
      "fpr_at_95_tpr": 0.052884615384615384
    },
    "mutual_information": {
      "auroc": 0.5,
      "auprc": 0.9660906423214868,
      "fpr_at_95_tpr": 1.0
    },
    "expected_entropy": {
      "auroc": 0.9901262652486074,
      "auprc": 0.9996462464320057,
      "fpr_at_95_tpr": 0.052884615384615384
    },
    "softmax_variance_sum": {
      "auroc": 0.5,
      "auprc": 0.9660906423214868,
      "fpr_at_95_tpr": 1.0
    },
    "softmax_variance_max": {
      "auroc": 0.5,
      "auprc": 0.9660906423214868,
      "fpr_at_95_tpr": 1.0
    },
    "softmax_quantile_range_sum": {
      "auroc": 0.5,
      "auprc": 0.9660906423214868,
      "fpr_at_95_tpr": 1.0
    },
    "softmax_quantile_range_max": {
      "auroc": 0.5,
      "auprc": 0.9660906423214868,
      "fpr_at_95_tpr": 1.0
    }
  }
}