{
  "mean_sigma": 0.49913835525512695,
  "max_sigma": 0.5016653537750244,
  "sigma_norm": 8.033124923706055,
  "train_size": 100
}