{
  "mean_sigma": 0.12991410493850708,
  "max_sigma": 0.133210688829422,
  "sigma_norm": 2.1131343841552734,
  "train_size": 10000
}