{
  "organamnist": {
    "predictive_entropy": {
      "auroc": 0.6710163418630344,
      "auprc": 0.9763650301775311,
      "fpr_at_95_tpr": 0.6714743589743589
    },
    "one_minus_max_softmax": {
      "auroc": 0.6710162967914824,
      "auprc": 0.9763649725227393,
      "fpr_at_95_tpr": 0.6714743589743589
    },
    "mutual_information": {
      "auroc": 0.5,
      "auprc": 0.9660906423214868,
      "fpr_at_95_tpr": 1.0
    },
    "expected_entropy": {
      "auroc": 0.6710163418630344,
      "auprc": 0.9763650301775311,
      "fpr_at_95_tpr": 0.6714743589743589
    },
    "softmax_variance_sum": {
      "auroc": 0.5,
      "auprc": 0.9660906423214868,
      "fpr_at_95_tpr": 1.0
    },
    "softmax_variance_max": {
      "auroc": 0.5,
      "auprc": 0.9660906423214868,
      "fpr_at_95_tpr": 1.0
    },
    "softmax_quantile_range_sum": {
      "auroc": 0.5,
      "auprc": 0.9660906423214868,
      "fpr_at_95_tpr": 1.0
    },
    "softmax_quantile_range_max": {
      "auroc": 0.5,
      "auprc": 0.9660906423214868,
      "fpr_at_95_tpr": 1.0
    }
  }
}