{
  "bloodmnist": {
    "predictive_entropy": {
      "auroc": 0.5121475858011227,
      "auprc": 0.8509160208658394,
      "fpr_at_95_tpr": 0.8621794871794872
    },
    "one_minus_max_softmax": {
      "auroc": 0.5121478200256335,
      "auprc": 0.8509056108609593,
      "fpr_at_95_tpr": 0.8621794871794872
    },
    "mutual_information": {
      "auroc": 0.5588355575292874,
      "auprc": 0.8585581036540408,
      "fpr_at_95_tpr": 0.8525641025641025
    },
    "expected_entropy": {
      "auroc": 0.5124176466620196,
      "auprc": 0.854244062923184,
      "fpr_at_95_tpr": 0.8605769230769231
    },
    "softmax_variance_sum": {
      "auroc": 0.5370817218686994,
      "auprc": 0.8512751793999727,
      "fpr_at_95_tpr": 0.8621794871794872
    },
    "softmax_variance_max": {
      "auroc": 0.5370814876441886,
      "auprc": 0.8512751793999727,
      "fpr_at_95_tpr": 0.8621794871794872
    },
    "softmax_quantile_range_sum": {
      "auroc": 0.5353903866765602,
      "auprc": 0.8499359960500251,
      "fpr_at_95_tpr": 0.8637820512820513
    },
    "softmax_quantile_range_max": {
      "auroc": 0.5353901524520496,
      "auprc": 0.8499359397178972,
      "fpr_at_95_tpr": 0.8637820512820513
    }
  }
}