{
  "organamnist": {
    "predictive_entropy": {
      "auroc": 0.7867249766349076,
      "auprc": 0.9840767050231941,
      "fpr_at_95_tpr": 0.4358974358974359
    },
    "one_minus_max_softmax": {
      "auroc": 0.7867249315633554,
      "auprc": 0.9840766790688025,
      "fpr_at_95_tpr": 0.4358974358974359
    },
    "mutual_information": {
      "auroc": 0.5,
      "auprc": 0.9660906423214868,
      "fpr_at_95_tpr": 1.0
    },
    "expected_entropy": {
      "auroc": 0.7867249766349076,
      "auprc": 0.9840767050231941,
      "fpr_at_95_tpr": 0.4358974358974359
    },
    "softmax_variance_sum": {
      "auroc": 0.5,
      "auprc": 0.9660906423214868,
      "fpr_at_95_tpr": 1.0
    },
    "softmax_variance_max": {
      "auroc": 0.5,
      "auprc": 0.9660906423214868,
      "fpr_at_95_tpr": 1.0
    },
    "softmax_quantile_range_sum": {
      "auroc": 0.5,
      "auprc": 0.9660906423214868,
      "fpr_at_95_tpr": 1.0
    },
    "softmax_quantile_range_max": {
      "auroc": 0.5,
      "auprc": 0.9660906423214868,
      "fpr_at_95_tpr": 1.0
    }
  }
}