{
  "organamnist": {
    "predictive_entropy": {
      "auroc": 0.9009675690351948,
      "auprc": 0.9963349089731143,
      "fpr_at_95_tpr": 0.6730769230769231
    },
    "one_minus_max_softmax": {
      "auroc": 0.9009676141067469,
      "auprc": 0.9963349466483931,
      "fpr_at_95_tpr": 0.6730769230769231
    },
    "mutual_information": {
      "auroc": 0.055747470223929896,
      "auprc": 0.8970781000112436,
      "fpr_at_95_tpr": 1.0
    },
    "expected_entropy": {
      "auroc": 0.9544094941601692,
      "auprc": 0.998298102117569,
      "fpr_at_95_tpr": 0.28846153846153844
    },
    "softmax_variance_sum": {
      "auroc": 0.06121117897083979,
      "auprc": 0.8987473528482072,
      "fpr_at_95_tpr": 1.0
    },
    "softmax_variance_max": {
      "auroc": 0.06121117897083979,
      "auprc": 0.8987473468390584,
      "fpr_at_95_tpr": 1.0
    },
    "softmax_quantile_range_sum": {
      "auroc": 0.08672672541112467,
      "auprc": 0.9042707445478229,
      "fpr_at_95_tpr": 1.0
    },
    "softmax_quantile_range_max": {
      "auroc": 0.08672677048267666,
      "auprc": 0.9042707233864007,
      "fpr_at_95_tpr": 1.0
    },
    "expected_pairwise_kl": {
      "auroc": 0.05446892550862344,
      "auprc": 0.8963845074653917,
      "fpr_at_95_tpr": 1.0
    },
    "logit_variance_sum": {
      "auroc": 0.13999544056180066,
      "auprc": 0.9311994226904701,
      "fpr_at_95_tpr": 1.0
    },
    "logit_variance_max": {
      "auroc": 0.13999548563335265,
      "auprc": 0.9311994562198639,
      "fpr_at_95_tpr": 1.0
    }
  }
}