{
  "bloodmnist": {
    "predictive_entropy": {
      "auroc": 0.8787822573996208,
      "auprc": 0.927807922336044,
      "fpr_at_95_tpr": 0.18269230769230768
    },
    "one_minus_max_softmax": {
      "auroc": 0.8787822573996208,
      "auprc": 0.9278063394510596,
      "fpr_at_95_tpr": 0.18269230769230768
    },
    "mutual_information": {
      "auroc": 0.9546555400655079,
      "auprc": 0.9890685721280715,
      "fpr_at_95_tpr": 0.13782051282051283
    },
    "expected_entropy": {
      "auroc": 0.7432543340903469,
      "auprc": 0.8679235741618173,
      "fpr_at_95_tpr": 0.3685897435897436
    },
    "softmax_variance_sum": {
      "auroc": 0.9269861301613713,
      "auprc": 0.978118337125788,
      "fpr_at_95_tpr": 0.15224358974358973
    },
    "softmax_variance_max": {
      "auroc": 0.9269861301613713,
      "auprc": 0.978118337125788,
      "fpr_at_95_tpr": 0.15224358974358973
    },
    "softmax_quantile_range_sum": {
      "auroc": 0.9704612442755528,
      "auprc": 0.9938707612332569,
      "fpr_at_95_tpr": 0.14262820512820512
    },
    "softmax_quantile_range_max": {
      "auroc": 0.9704614785000636,
      "auprc": 0.9938707583630878,
      "fpr_at_95_tpr": 0.14262820512820512
    },
    "expected_pairwise_kl": {
      "auroc": 0.9905251500910666,
      "auprc": 0.9982235763439604,
      "fpr_at_95_tpr": 0.07051282051282051
    },
    "logit_variance_sum": {
      "auroc": 0.931319752059302,
      "auprc": 0.9602466255952735,
      "fpr_at_95_tpr": 0.1233974358974359
    },
    "logit_variance_max": {
      "auroc": 0.9313188151612588,
      "auprc": 0.9602445195299851,
      "fpr_at_95_tpr": 0.1233974358974359
    }
  }
}