{
  "bloodmnist": {
    "predictive_entropy": {
      "auroc": 0.7306010575705109,
      "auprc": 0.9192136332588983,
      "fpr_at_95_tpr": 0.7467948717948718
    },
    "one_minus_max_softmax": {
      "auroc": 0.7305994179989357,
      "auprc": 0.9192113819501171,
      "fpr_at_95_tpr": 0.7467948717948718
    },
    "mutual_information": {
      "auroc": 0.5,
      "auprc": 0.8457354758961682,
      "fpr_at_95_tpr": 1.0
    },
    "expected_entropy": {
      "auroc": 0.7306010575705109,
      "auprc": 0.9192136332588983,
      "fpr_at_95_tpr": 0.7467948717948718
    },
    "softmax_variance_sum": {
      "auroc": 0.5,
      "auprc": 0.8457354758961682,
      "fpr_at_95_tpr": 1.0
    },
    "softmax_variance_max": {
      "auroc": 0.5,
      "auprc": 0.8457354758961682,
      "fpr_at_95_tpr": 1.0
    },
    "softmax_quantile_range_sum": {
      "auroc": 0.5,
      "auprc": 0.8457354758961682,
      "fpr_at_95_tpr": 1.0
    },
    "softmax_quantile_range_max": {
      "auroc": 0.5,
      "auprc": 0.8457354758961682,
      "fpr_at_95_tpr": 1.0
    }
  }
}