{
  "tail_0": {
    "predictive_entropy": {
      "auroc": 0.8838921761998686,
      "auprc": 0.8486371392090759,
      "fpr_at_95_tpr": 0.5512820512820513
    },
    "one_minus_max_softmax": {
      "auroc": 0.8838921761998686,
      "auprc": 0.8486371392090759,
      "fpr_at_95_tpr": 0.5512820512820513
    },
    "mutual_information": {
      "auroc": 0.932993644532106,
      "auprc": 0.910636422873996,
      "fpr_at_95_tpr": 0.3487179487179487
    },
    "expected_entropy": {
      "auroc": 0.6482358097742713,
      "auprc": 0.48321525901638424,
      "fpr_at_95_tpr": 0.941025641025641
    },
    "softmax_variance_sum": {
      "auroc": 0.9234385272846811,
      "auprc": 0.8993453496499144,
      "fpr_at_95_tpr": 0.36666666666666664
    },
    "softmax_variance_max": {
      "auroc": 0.9234385272846811,
      "auprc": 0.8993453496499144,
      "fpr_at_95_tpr": 0.36666666666666664
    },
    "softmax_quantile_range_sum": {
      "auroc": 0.9211593250054789,
      "auprc": 0.8974829003169468,
      "fpr_at_95_tpr": 0.38974358974358975
    },
    "softmax_quantile_range_max": {
      "auroc": 0.9211593250054789,
      "auprc": 0.8974829003169468,
      "fpr_at_95_tpr": 0.38974358974358975
    },
    "expected_pairwise_kl": {
      "auroc": 0.9368507560815253,
      "auprc": 0.9148390074104836,
      "fpr_at_95_tpr": 0.3384615384615385
    },
    "logit_variance_sum": {
      "auroc": 0.904152969537585,
      "auprc": 0.8673792587805071,
      "fpr_at_95_tpr": 0.4076923076923077
    },
    "logit_variance_max": {
      "auroc": 0.904152969537585,
      "auprc": 0.8673792587805071,
      "fpr_at_95_tpr": 0.4076923076923077
    }
  }
}