{
  "mean_sigma": 0.46267712116241455,
  "max_sigma": 0.4652039706707001,
  "sigma_norm": 7.447116374969482,
  "train_size": 100
}