{
  "bloodmnist": {
    "predictive_entropy": {
      "auroc": 0.6205979845449299,
      "auprc": 0.8617392273176616,
      "fpr_at_95_tpr": 0.6266025641025641
    },
    "mutual_information": {
      "auroc": 0.7312053568082508,
      "auprc": 0.9107438044983698,
      "fpr_at_95_tpr": 0.532051282051282
    },
    "expected_entropy": {
      "auroc": 0.535412403780571,
      "auprc": 0.831576538698369,
      "fpr_at_95_tpr": 0.7580128205128205
    },
    "one_minus_max_softmax": {
      "auroc": 0.6205979845449299,
      "auprc": 0.8616905086194252,
      "fpr_at_95_tpr": 0.6266025641025641
    }
  }
}