{
  "bloodmnist": {
    "predictive_entropy": {
      "auroc": 0.6518327599517311,
      "auprc": 0.8771249971847574,
      "fpr_at_95_tpr": 0.5753205128205128
    },
    "one_minus_max_softmax": {
      "auroc": 0.651832759951731,
      "auprc": 0.8771239505012283,
      "fpr_at_95_tpr": 0.5753205128205128
    },
    "mutual_information": {
      "auroc": 0.799987258186615,
      "auprc": 0.9446332922451971,
      "fpr_at_95_tpr": 0.48717948717948717
    },
    "expected_entropy": {
      "auroc": 0.5449556472466441,
      "auprc": 0.8276846955432209,
      "fpr_at_95_tpr": 0.7067307692307693
    },
    "softmax_variance_sum": {
      "auroc": 0.7406642794504532,
      "auprc": 0.9185642203759627,
      "fpr_at_95_tpr": 0.4951923076923077
    },
    "softmax_variance_max": {
      "auroc": 0.7406642794504532,
      "auprc": 0.9185642203759627,
      "fpr_at_95_tpr": 0.4951923076923077
    },
    "expected_pairwise_kl": {
      "auroc": 0.8722502042437733,
      "auprc": 0.9700237643117314,
      "fpr_at_95_tpr": 0.46634615384615385
    },
    "logit_variance_sum": {
      "auroc": 0.8760446413179531,
      "auprc": 0.9741754662596311,
      "fpr_at_95_tpr": 0.5560897435897436
    },
    "logit_variance_max": {
      "auroc": 0.8760451097669748,
      "auprc": 0.9741755499785665,
      "fpr_at_95_tpr": 0.5560897435897436
    }
  }
}