{
  "mean_sigma": 0.1872003674507141,
  "max_sigma": 0.19193926453590393,
  "sigma_norm": 3.0482285022735596,
  "train_size": 10000
}