{
  "bloodmnist": {
    "predictive_entropy": {
      "auroc": 0.7287389727100338,
      "auprc": 0.8782992424130989,
      "fpr_at_95_tpr": 0.5096153846153846
    },
    "one_minus_max_softmax": {
      "auroc": 0.7287394411590553,
      "auprc": 0.8782992419182103,
      "fpr_at_95_tpr": 0.5096153846153846
    },
    "mutual_information": {
      "auroc": 0.7337963483461877,
      "auprc": 0.902856117726667,
      "fpr_at_95_tpr": 0.5096153846153846
    },
    "expected_entropy": {
      "auroc": 0.7315688732489376,
      "auprc": 0.8785557920562137,
      "fpr_at_95_tpr": 0.5128205128205128
    },
    "softmax_variance_sum": {
      "auroc": 0.732968130476169,
      "auprc": 0.8980554391381668,
      "fpr_at_95_tpr": 0.4983974358974359
    },
    "softmax_variance_max": {
      "auroc": 0.732968130476169,
      "auprc": 0.8980554391381668,
      "fpr_at_95_tpr": 0.4983974358974359
    },
    "softmax_quantile_range_sum": {
      "auroc": 0.7320462228018497,
      "auprc": 0.8934978351864971,
      "fpr_at_95_tpr": 0.5
    },
    "softmax_quantile_range_max": {
      "auroc": 0.7320462228018498,
      "auprc": 0.8934978204742442,
      "fpr_at_95_tpr": 0.5
    }
  }
}