{
  "organamnist": {
    "predictive_entropy": {
      "auroc": 0.7139315806629339,
      "auprc": 0.9831185072541474,
      "fpr_at_95_tpr": 0.7788461538461539
    },
    "one_minus_max_softmax": {
      "auroc": 0.713931670806038,
      "auprc": 0.9831221711037335,
      "fpr_at_95_tpr": 0.7788461538461539
    },
    "mutual_information": {
      "auroc": 0.5,
      "auprc": 0.9660906423214868,
      "fpr_at_95_tpr": 1.0
    },
    "expected_entropy": {
      "auroc": 0.7139315806629339,
      "auprc": 0.9831185072541474,
      "fpr_at_95_tpr": 0.7788461538461539
    },
    "softmax_variance_sum": {
      "auroc": 0.5,
      "auprc": 0.9660906423214868,
      "fpr_at_95_tpr": 1.0
    },
    "softmax_variance_max": {
      "auroc": 0.5,
      "auprc": 0.9660906423214868,
      "fpr_at_95_tpr": 1.0
    },
    "softmax_quantile_range_sum": {
      "auroc": 0.5,
      "auprc": 0.9660906423214868,
      "fpr_at_95_tpr": 1.0
    },
    "softmax_quantile_range_max": {
      "auroc": 0.5,
      "auprc": 0.9660906423214868,
      "fpr_at_95_tpr": 1.0
    }
  }
}