{
  "bloodmnist": {
    "predictive_entropy": {
      "auroc": 0.37690424527241245,
      "auprc": 0.8007128997165849,
      "fpr_at_95_tpr": 0.9919871794871795
    },
    "one_minus_max_softmax": {
      "auroc": 0.37690447949692324,
      "auprc": 0.8007131202479367,
      "fpr_at_95_tpr": 0.9919871794871795
    },
    "mutual_information": {
      "auroc": 0.5,
      "auprc": 0.8457354758961682,
      "fpr_at_95_tpr": 1.0
    },
    "expected_entropy": {
      "auroc": 0.37690424527241245,
      "auprc": 0.8007128997165849,
      "fpr_at_95_tpr": 0.9919871794871795
    },
    "softmax_variance_sum": {
      "auroc": 0.5,
      "auprc": 0.8457354758961682,
      "fpr_at_95_tpr": 1.0
    },
    "softmax_variance_max": {
      "auroc": 0.5,
      "auprc": 0.8457354758961682,
      "fpr_at_95_tpr": 1.0
    },
    "softmax_quantile_range_sum": {
      "auroc": 0.5,
      "auprc": 0.8457354758961682,
      "fpr_at_95_tpr": 1.0
    },
    "softmax_quantile_range_max": {
      "auroc": 0.5,
      "auprc": 0.8457354758961682,
      "fpr_at_95_tpr": 1.0
    }
  }
}