{
  "mean_sigma": 0.015303363092243671,
  "max_sigma": 0.015913164243102074,
  "sigma_norm": 0.4937628507614136,
  "train_size": 10000
}