{
  "organamnist": {
    "predictive_entropy": {
      "auroc": 0.8240836592907974,
      "auprc": 0.9925975292504858,
      "fpr_at_95_tpr": 0.9471153846153846
    },
    "one_minus_max_softmax": {
      "auroc": 0.8240837494339013,
      "auprc": 0.992597534481836,
      "fpr_at_95_tpr": 0.9471153846153846
    },
    "mutual_information": {
      "auroc": 0.15426752778571037,
      "auprc": 0.9278115499378154,
      "fpr_at_95_tpr": 1.0
    },
    "expected_entropy": {
      "auroc": 0.8886012422440873,
      "auprc": 0.9957342991838729,
      "fpr_at_95_tpr": 0.6891025641025641
    },
    "softmax_variance_sum": {
      "auroc": 0.20436685647198644,
      "auprc": 0.9362749109901161,
      "fpr_at_95_tpr": 1.0
    },
    "softmax_variance_max": {
      "auroc": 0.20436685647198644,
      "auprc": 0.9362749158789884,
      "fpr_at_95_tpr": 1.0
    },
    "softmax_quantile_range_sum": {
      "auroc": 0.18231740252285308,
      "auprc": 0.9300584453531642,
      "fpr_at_95_tpr": 1.0
    },
    "softmax_quantile_range_max": {
      "auroc": 0.18231708702198915,
      "auprc": 0.9300584252282784,
      "fpr_at_95_tpr": 1.0
    },
    "expected_pairwise_kl": {
      "auroc": 0.1476760837364533,
      "auprc": 0.9261593977382883,
      "fpr_at_95_tpr": 1.0
    },
    "logit_variance_sum": {
      "auroc": 0.06736628532527958,
      "auprc": 0.9150820274697357,
      "fpr_at_95_tpr": 1.0
    },
    "logit_variance_max": {
      "auroc": 0.06736637546838356,
      "auprc": 0.9150820351226108,
      "fpr_at_95_tpr": 1.0
    }
  }
}