{
  "organamnist": {
    "predictive_entropy": {
      "auroc": 0.8847771013439256,
      "auprc": 0.9930043680160852,
      "fpr_at_95_tpr": 0.2932692307692308
    },
    "one_minus_max_softmax": {
      "auroc": 0.8847773717732373,
      "auprc": 0.9930051593253802,
      "fpr_at_95_tpr": 0.2932692307692308
    },
    "mutual_information": {
      "auroc": 0.8964396809222577,
      "auprc": 0.99442933311716,
      "fpr_at_95_tpr": 0.2932692307692308
    },
    "expected_entropy": {
      "auroc": 0.7212508852052811,
      "auprc": 0.9834068644833942,
      "fpr_at_95_tpr": 0.7083333333333334
    },
    "softmax_variance_sum": {
      "auroc": 0.896235281433982,
      "auprc": 0.9943288792189844,
      "fpr_at_95_tpr": 0.28044871794871795
    },
    "softmax_variance_max": {
      "auroc": 0.8962352814339821,
      "auprc": 0.9943288791105803,
      "fpr_at_95_tpr": 0.28044871794871795
    },
    "softmax_quantile_range_sum": {
      "auroc": 0.897474704042161,
      "auprc": 0.9944173651132824,
      "fpr_at_95_tpr": 0.28365384615384615
    },
    "softmax_quantile_range_max": {
      "auroc": 0.897474704042161,
      "auprc": 0.994417282155809,
      "fpr_at_95_tpr": 0.28365384615384615
    },
    "expected_pairwise_kl": {
      "auroc": 0.9008940122623468,
      "auprc": 0.9946865798197969,
      "fpr_at_95_tpr": 0.2948717948717949
    },
    "logit_variance_sum": {
      "auroc": 0.9257248316847962,
      "auprc": 0.9960824846767737,
      "fpr_at_95_tpr": 0.24519230769230768
    },
    "logit_variance_max": {
      "auroc": 0.9257248767563483,
      "auprc": 0.9960824894494322,
      "fpr_at_95_tpr": 0.24519230769230768
    }
  }
}