{
  "mean_sigma": 0.02621983364224434,
  "max_sigma": 0.02683199569582939,
  "sigma_norm": 0.8434656858444214,
  "train_size": 1000
}