{
  "mean_sigma": 0.005941329058259726,
  "max_sigma": 0.006489575374871492,
  "sigma_norm": 0.19366870820522308
}