{
  "organamnist": {
    "predictive_entropy": {
      "auroc": 0.7415357878939974,
      "auprc": 0.9841748383760656,
      "fpr_at_95_tpr": 0.6746794871794872
    },
    "one_minus_max_softmax": {
      "auroc": 0.7415361033948614,
      "auprc": 0.984222265023291,
      "fpr_at_95_tpr": 0.6746794871794872
    },
    "mutual_information": {
      "auroc": 0.5,
      "auprc": 0.9660906423214868,
      "fpr_at_95_tpr": 1.0
    },
    "expected_entropy": {
      "auroc": 0.7415357878939974,
      "auprc": 0.9841748383760656,
      "fpr_at_95_tpr": 0.6746794871794872
    },
    "softmax_variance_sum": {
      "auroc": 0.5,
      "auprc": 0.9660906423214868,
      "fpr_at_95_tpr": 1.0
    },
    "softmax_variance_max": {
      "auroc": 0.5,
      "auprc": 0.9660906423214868,
      "fpr_at_95_tpr": 1.0
    },
    "softmax_quantile_range_sum": {
      "auroc": 0.5,
      "auprc": 0.9660906423214868,
      "fpr_at_95_tpr": 1.0
    },
    "softmax_quantile_range_max": {
      "auroc": 0.5,
      "auprc": 0.9660906423214868,
      "fpr_at_95_tpr": 1.0
    }
  }
}