{
  "bloodmnist": {
    "predictive_entropy": {
      "auroc": 0.6292249417249417,
      "auprc": 0.876012781262545,
      "fpr_at_95_tpr": 0.6602564102564102
    },
    "one_minus_max_softmax": {
      "auroc": 0.6292244732759202,
      "auprc": 0.876004148009545,
      "fpr_at_95_tpr": 0.6602564102564102
    },
    "mutual_information": {
      "auroc": 0.5,
      "auprc": 0.8457354758961682,
      "fpr_at_95_tpr": 1.0
    },
    "expected_entropy": {
      "auroc": 0.6292249417249417,
      "auprc": 0.876012781262545,
      "fpr_at_95_tpr": 0.6602564102564102
    },
    "softmax_variance_sum": {
      "auroc": 0.5,
      "auprc": 0.8457354758961682,
      "fpr_at_95_tpr": 1.0
    },
    "softmax_variance_max": {
      "auroc": 0.5,
      "auprc": 0.8457354758961682,
      "fpr_at_95_tpr": 1.0
    },
    "softmax_quantile_range_sum": {
      "auroc": 0.5,
      "auprc": 0.8457354758961682,
      "fpr_at_95_tpr": 1.0
    },
    "softmax_quantile_range_max": {
      "auroc": 0.5,
      "auprc": 0.8457354758961682,
      "fpr_at_95_tpr": 1.0
    }
  }
}