{
  "organamnist": {
    "predictive_entropy": {
      "auroc": 0.9015682376085683,
      "auprc": 0.9931800739105527,
      "fpr_at_95_tpr": 0.20192307692307693
    },
    "one_minus_max_softmax": {
      "auroc": 0.9015681023939124,
      "auprc": 0.9931799828515651,
      "fpr_at_95_tpr": 0.20192307692307693
    },
    "mutual_information": {
      "auroc": 0.5,
      "auprc": 0.9660906423214868,
      "fpr_at_95_tpr": 1.0
    },
    "expected_entropy": {
      "auroc": 0.9015682376085683,
      "auprc": 0.9931800739105527,
      "fpr_at_95_tpr": 0.20192307692307693
    },
    "softmax_variance_sum": {
      "auroc": 0.5,
      "auprc": 0.9660906423214868,
      "fpr_at_95_tpr": 1.0
    },
    "softmax_variance_max": {
      "auroc": 0.5,
      "auprc": 0.9660906423214868,
      "fpr_at_95_tpr": 1.0
    },
    "softmax_quantile_range_sum": {
      "auroc": 0.5,
      "auprc": 0.9660906423214868,
      "fpr_at_95_tpr": 1.0
    },
    "softmax_quantile_range_max": {
      "auroc": 0.5,
      "auprc": 0.9660906423214868,
      "fpr_at_95_tpr": 1.0
    }
  }
}