{
  "mean_sigma": 0.14553068578243256,
  "max_sigma": 0.14943845570087433,
  "sigma_norm": 2.3685929775238037,
  "train_size": 10000
}