{
  "bloodmnist": {
    "predictive_entropy": {
      "auroc": 0.8501914082701865,
      "auprc": 0.9592545425601765,
      "fpr_at_95_tpr": 0.44711538461538464
    },
    "one_minus_max_softmax": {
      "auroc": 0.8501853184329069,
      "auprc": 0.9590432032951814,
      "fpr_at_95_tpr": 0.44711538461538464
    },
    "mutual_information": {
      "auroc": 0.5340639732721727,
      "auprc": 0.80707933074828,
      "fpr_at_95_tpr": 0.6089743589743589
    },
    "expected_entropy": {
      "auroc": 0.5302983458128152,
      "auprc": 0.8043800661180867,
      "fpr_at_95_tpr": 0.6987179487179487
    },
    "softmax_variance_sum": {
      "auroc": 0.534268451270059,
      "auprc": 0.8067625266257477,
      "fpr_at_95_tpr": 0.6041666666666666
    },
    "softmax_variance_max": {
      "auroc": 0.534268451270059,
      "auprc": 0.8067625266257477,
      "fpr_at_95_tpr": 0.6041666666666666
    },
    "softmax_quantile_range_sum": {
      "auroc": 0.5009565729019105,
      "auprc": 0.8051363376984473,
      "fpr_at_95_tpr": 0.7788461538461539
    },
    "softmax_quantile_range_max": {
      "auroc": 0.5009561044528891,
      "auprc": 0.8051364922049051,
      "fpr_at_95_tpr": 0.7788461538461539
    },
    "expected_pairwise_kl": {
      "auroc": 0.5387458870175913,
      "auprc": 0.8102411390939325,
      "fpr_at_95_tpr": 0.6201923076923077
    },
    "logit_variance_sum": {
      "auroc": 0.4122370127193278,
      "auprc": 0.7927804335625201,
      "fpr_at_95_tpr": 0.8990384615384616
    },
    "logit_variance_max": {
      "auroc": 0.41223654427030637,
      "auprc": 0.7927807109305152,
      "fpr_at_95_tpr": 0.8990384615384616
    }
  }
}