{
  "mean_sigma": 0.03241151571273804,
  "max_sigma": 0.03296731784939766,
  "sigma_norm": 1.0408624410629272,
  "train_size": 10000
}