{
  "organamnist": {
    "predictive_entropy": {
      "auroc": 0.8768668636834348,
      "auprc": 0.9906419602695966,
      "fpr_at_95_tpr": 0.2532051282051282
    },
    "one_minus_max_softmax": {
      "auroc": 0.8768667284687788,
      "auprc": 0.9906419245349468,
      "fpr_at_95_tpr": 0.2532051282051282
    },
    "mutual_information": {
      "auroc": 0.5,
      "auprc": 0.9660906423214868,
      "fpr_at_95_tpr": 1.0
    },
    "expected_entropy": {
      "auroc": 0.8768668636834348,
      "auprc": 0.9906419602695966,
      "fpr_at_95_tpr": 0.2532051282051282
    },
    "softmax_variance_sum": {
      "auroc": 0.5,
      "auprc": 0.9660906423214868,
      "fpr_at_95_tpr": 1.0
    },
    "softmax_variance_max": {
      "auroc": 0.5,
      "auprc": 0.9660906423214868,
      "fpr_at_95_tpr": 1.0
    },
    "softmax_quantile_range_sum": {
      "auroc": 0.5,
      "auprc": 0.9660906423214868,
      "fpr_at_95_tpr": 1.0
    },
    "softmax_quantile_range_max": {
      "auroc": 0.5,
      "auprc": 0.9660906423214868,
      "fpr_at_95_tpr": 1.0
    }
  }
}