{
  "bloodmnist": {
    "predictive_entropy": {
      "auroc": 0.6125116175357335,
      "auprc": 0.8646750516584228,
      "fpr_at_95_tpr": 0.6458333333333334
    },
    "one_minus_max_softmax": {
      "auroc": 0.612511851760244,
      "auprc": 0.8646770193976819,
      "fpr_at_95_tpr": 0.6458333333333334
    },
    "mutual_information": {
      "auroc": 0.917389483506847,
      "auprc": 0.9825237021851116,
      "fpr_at_95_tpr": 0.4326923076923077
    },
    "expected_entropy": {
      "auroc": 0.33294826823765733,
      "auprc": 0.7481622354111125,
      "fpr_at_95_tpr": 0.9342948717948718
    },
    "softmax_variance_sum": {
      "auroc": 0.8408041583282742,
      "auprc": 0.9628019380344484,
      "fpr_at_95_tpr": 0.5096153846153846
    },
    "softmax_variance_max": {
      "auroc": 0.8408041583282742,
      "auprc": 0.9628019380344484,
      "fpr_at_95_tpr": 0.5096153846153846
    },
    "softmax_quantile_range_sum": {
      "auroc": 0.90735905305841,
      "auprc": 0.9805360877789921,
      "fpr_at_95_tpr": 0.5080128205128205
    },
    "softmax_quantile_range_max": {
      "auroc": 0.9073590530584099,
      "auprc": 0.9805360834470718,
      "fpr_at_95_tpr": 0.5080128205128205
    },
    "expected_pairwise_kl": {
      "auroc": 0.941642494697157,
      "auprc": 0.9886826599821217,
      "fpr_at_95_tpr": 0.39903846153846156
    },
    "logit_variance_sum": {
      "auroc": 0.9575810042047984,
      "auprc": 0.9908113259514757,
      "fpr_at_95_tpr": 0.1891025641025641
    },
    "logit_variance_max": {
      "auroc": 0.9575810042047984,
      "auprc": 0.9908113259514757,
      "fpr_at_95_tpr": 0.1891025641025641
    }
  }
}