{
  "organamnist": {
    "predictive_entropy": {
      "auroc": 0.6778603668896447,
      "auprc": 0.9710608723709119,
      "fpr_at_95_tpr": 0.6330128205128205
    },
    "one_minus_max_softmax": {
      "auroc": 0.6778604570327487,
      "auprc": 0.9710608512028569,
      "fpr_at_95_tpr": 0.6330128205128205
    },
    "mutual_information": {
      "auroc": 0.7407417172910338,
      "auprc": 0.9755863371648951,
      "fpr_at_95_tpr": 0.46955128205128205
    },
    "expected_entropy": {
      "auroc": 0.5379497509886896,
      "auprc": 0.965319891501191,
      "fpr_at_95_tpr": 0.8894230769230769
    },
    "softmax_variance_sum": {
      "auroc": 0.7252623434755142,
      "auprc": 0.9737697021627986,
      "fpr_at_95_tpr": 0.5064102564102564
    },
    "softmax_variance_max": {
      "auroc": 0.7252623434755143,
      "auprc": 0.9737697027998106,
      "fpr_at_95_tpr": 0.5064102564102564
    },
    "softmax_quantile_range_sum": {
      "auroc": 0.7376355211425242,
      "auprc": 0.9771478713000884,
      "fpr_at_95_tpr": 0.5160256410256411
    },
    "softmax_quantile_range_max": {
      "auroc": 0.7376355662140762,
      "auprc": 0.9771479518997986,
      "fpr_at_95_tpr": 0.5160256410256411
    },
    "expected_pairwise_kl": {
      "auroc": 0.7459356727992823,
      "auprc": 0.9772094824909309,
      "fpr_at_95_tpr": 0.46153846153846156
    },
    "logit_variance_sum": {
      "auroc": 0.886543545609526,
      "auprc": 0.9891055637381028,
      "fpr_at_95_tpr": 0.266025641025641
    },
    "logit_variance_max": {
      "auroc": 0.886543590681078,
      "auprc": 0.9891055659696764,
      "fpr_at_95_tpr": 0.266025641025641
    }
  }
}