{
  "organamnist": {
    "predictive_entropy": {
      "auroc": 0.7321795647025566,
      "auprc": 0.9818524161056745,
      "fpr_at_95_tpr": 0.5641025641025641
    },
    "one_minus_max_softmax": {
      "auroc": 0.7321795196310046,
      "auprc": 0.9818525669280406,
      "fpr_at_95_tpr": 0.5641025641025641
    },
    "mutual_information": {
      "auroc": 0.8813255218925148,
      "auprc": 0.9949874877326739,
      "fpr_at_95_tpr": 0.46955128205128205
    },
    "expected_entropy": {
      "auroc": 0.5830427570376524,
      "auprc": 0.9647108925032912,
      "fpr_at_95_tpr": 0.7147435897435898
    },
    "softmax_variance_sum": {
      "auroc": 0.8362519867540117,
      "auprc": 0.9922759190567785,
      "fpr_at_95_tpr": 0.483974358974359
    },
    "softmax_variance_max": {
      "auroc": 0.8362519867540117,
      "auprc": 0.9922759190965695,
      "fpr_at_95_tpr": 0.483974358974359
    },
    "expected_pairwise_kl": {
      "auroc": 0.922800814749431,
      "auprc": 0.9970371839866653,
      "fpr_at_95_tpr": 0.4423076923076923
    },
    "logit_variance_sum": {
      "auroc": 0.9096823338987109,
      "auprc": 0.9964370957243042,
      "fpr_at_95_tpr": 0.49038461538461536
    },
    "logit_variance_max": {
      "auroc": 0.9096822888271588,
      "auprc": 0.9964370956744489,
      "fpr_at_95_tpr": 0.49038461538461536
    }
  }
}