{
  "organamnist": {
    "predictive_entropy": {
      "auroc": 0.7505453657790815,
      "auprc": 0.98371428242727,
      "fpr_at_95_tpr": 0.5705128205128205
    },
    "mutual_information": {
      "auroc": 0.8912139499698563,
      "auprc": 0.9953318359071971,
      "fpr_at_95_tpr": 0.47596153846153844
    },
    "expected_entropy": {
      "auroc": 0.5974968882600505,
      "auprc": 0.9642760490726769,
      "fpr_at_95_tpr": 0.7035256410256411
    },
    "one_minus_max_softmax": {
      "auroc": 0.7505453207075297,
      "auprc": 0.9837141684167404,
      "fpr_at_95_tpr": 0.5705128205128205
    }
  }
}