{
  "bloodmnist": {
    "predictive_entropy": {
      "auroc": 0.42560654779304297,
      "auprc": 0.7812291980769008,
      "fpr_at_95_tpr": 0.9246794871794872
    },
    "one_minus_max_softmax": {
      "auroc": 0.42560654779304297,
      "auprc": 0.7812291929751596,
      "fpr_at_95_tpr": 0.9246794871794872
    },
    "mutual_information": {
      "auroc": 0.5,
      "auprc": 0.8457354758961682,
      "fpr_at_95_tpr": 1.0
    },
    "expected_entropy": {
      "auroc": 0.42560654779304297,
      "auprc": 0.7812291980769008,
      "fpr_at_95_tpr": 0.9246794871794872
    },
    "softmax_variance_sum": {
      "auroc": 0.5,
      "auprc": 0.8457354758961682,
      "fpr_at_95_tpr": 1.0
    },
    "softmax_variance_max": {
      "auroc": 0.5,
      "auprc": 0.8457354758961682,
      "fpr_at_95_tpr": 1.0
    }
  }
}