{
  "organamnist": {
    "predictive_entropy": {
      "auroc": 0.9078683842173126,
      "auprc": 0.9936170370559425,
      "fpr_at_95_tpr": 0.23397435897435898
    },
    "one_minus_max_softmax": {
      "auroc": 0.9078682940742087,
      "auprc": 0.9936152699519044,
      "fpr_at_95_tpr": 0.23397435897435898
    },
    "mutual_information": {
      "auroc": 0.9378948267954343,
      "auprc": 0.9972354022630089,
      "fpr_at_95_tpr": 0.24519230769230768
    },
    "expected_entropy": {
      "auroc": 0.7681377390234546,
      "auprc": 0.9818957649903611,
      "fpr_at_95_tpr": 0.453525641025641
    },
    "softmax_variance_sum": {
      "auroc": 0.9334754709796897,
      "auprc": 0.996915300949141,
      "fpr_at_95_tpr": 0.2419871794871795
    },
    "softmax_variance_max": {
      "auroc": 0.9334754709796896,
      "auprc": 0.9969153009450441,
      "fpr_at_95_tpr": 0.2419871794871795
    },
    "softmax_quantile_range_sum": {
      "auroc": 0.9299877441435829,
      "auprc": 0.996836617882551,
      "fpr_at_95_tpr": 0.2387820512820513
    },
    "softmax_quantile_range_max": {
      "auroc": 0.9299876990720309,
      "auprc": 0.9968366148720089,
      "fpr_at_95_tpr": 0.2387820512820513
    }
  }
}