{
  "bloodmnist": {
    "predictive_entropy": {
      "auroc": 0.7430999801377616,
      "auprc": 0.9233976705322715,
      "fpr_at_95_tpr": 0.7724358974358975
    },
    "one_minus_max_softmax": {
      "auroc": 0.7430997459132507,
      "auprc": 0.9233971169578381,
      "fpr_at_95_tpr": 0.7724358974358975
    },
    "mutual_information": {
      "auroc": 0.8351204663503697,
      "auprc": 0.9669453334977592,
      "fpr_at_95_tpr": 0.7163461538461539
    },
    "expected_entropy": {
      "auroc": 0.6594825324728861,
      "auprc": 0.854511859857944,
      "fpr_at_95_tpr": 0.8028846153846154
    },
    "softmax_variance_sum": {
      "auroc": 0.8150802172104422,
      "auprc": 0.961260702743765,
      "fpr_at_95_tpr": 0.7147435897435898
    },
    "softmax_variance_max": {
      "auroc": 0.8150802172104423,
      "auprc": 0.9612607006521787,
      "fpr_at_95_tpr": 0.7147435897435898
    },
    "softmax_quantile_range_sum": {
      "auroc": 0.8030242131930234,
      "auprc": 0.9580815987799105,
      "fpr_at_95_tpr": 0.7596153846153846
    },
    "softmax_quantile_range_max": {
      "auroc": 0.8030242131930234,
      "auprc": 0.9580815987799105,
      "fpr_at_95_tpr": 0.7596153846153846
    },
    "expected_pairwise_kl": {
      "auroc": 0.8462302033443512,
      "auprc": 0.9696509452997121,
      "fpr_at_95_tpr": 0.6923076923076923
    },
    "logit_variance_sum": {
      "auroc": 0.8577100150653207,
      "auprc": 0.9599582145343617,
      "fpr_at_95_tpr": 0.40544871794871795
    },
    "logit_variance_max": {
      "auroc": 0.8577095466162991,
      "auprc": 0.9599580854054763,
      "fpr_at_95_tpr": 0.40544871794871795
    }
  }
}