{
  "mean_sigma": 0.041050780564546585,
  "max_sigma": 0.04158053174614906,
  "sigma_norm": 1.3176451921463013,
  "train_size": 1000
}