{
  "organamnist": {
    "predictive_entropy": {
      "auroc": 0.5834741819333028,
      "auprc": 0.9701512743810354,
      "fpr_at_95_tpr": 0.8573717948717948
    },
    "one_minus_max_softmax": {
      "auroc": 0.5834754439367585,
      "auprc": 0.9702423841398586,
      "fpr_at_95_tpr": 0.8573717948717948
    },
    "mutual_information": {
      "auroc": 0.270341873130432,
      "auprc": 0.9521143291848411,
      "fpr_at_95_tpr": 1.0
    },
    "expected_entropy": {
      "auroc": 0.7304708120235036,
      "auprc": 0.9883223059049688,
      "fpr_at_95_tpr": 0.9855769230769231
    },
    "softmax_variance_sum": {
      "auroc": 0.2664121295839571,
      "auprc": 0.9515553716824438,
      "fpr_at_95_tpr": 1.0
    },
    "softmax_variance_max": {
      "auroc": 0.2664121295839571,
      "auprc": 0.9515553688334158,
      "fpr_at_95_tpr": 1.0
    },
    "softmax_quantile_range_sum": {
      "auroc": 0.2828784351734065,
      "auprc": 0.952604504059295,
      "fpr_at_95_tpr": 1.0
    },
    "softmax_quantile_range_max": {
      "auroc": 0.2828787506742704,
      "auprc": 0.9526045344959901,
      "fpr_at_95_tpr": 1.0
    },
    "expected_pairwise_kl": {
      "auroc": 0.279379665807062,
      "auprc": 0.9533385510112216,
      "fpr_at_95_tpr": 1.0
    },
    "logit_variance_sum": {
      "auroc": 0.44677897055132965,
      "auprc": 0.9710494031778204,
      "fpr_at_95_tpr": 1.0
    },
    "logit_variance_max": {
      "auroc": 0.44677919590908954,
      "auprc": 0.9710494174509235,
      "fpr_at_95_tpr": 1.0
    }
  }
}