{
  "mean_sigma": 0.07324782013893127,
  "max_sigma": 0.07375071942806244,
  "sigma_norm": 2.3487091064453125,
  "train_size": 10000
}