{
  "bloodmnist": {
    "predictive_entropy": {
      "auroc": 0.82731657410114,
      "auprc": 0.927334534453917,
      "fpr_at_95_tpr": 0.296474358974359
    },
    "one_minus_max_softmax": {
      "auroc": 0.8273163398766292,
      "auprc": 0.9273318770703767,
      "fpr_at_95_tpr": 0.296474358974359
    },
    "mutual_information": {
      "auroc": 0.874747037528388,
      "auprc": 0.9517832627118559,
      "fpr_at_95_tpr": 0.26121794871794873
    },
    "expected_entropy": {
      "auroc": 0.8075452146995555,
      "auprc": 0.9149566048576647,
      "fpr_at_95_tpr": 0.30448717948717946
    },
    "softmax_variance_sum": {
      "auroc": 0.8592793192873579,
      "auprc": 0.9431232294257619,
      "fpr_at_95_tpr": 0.27564102564102566
    },
    "softmax_variance_max": {
      "auroc": 0.8592793192873579,
      "auprc": 0.9431232294257619,
      "fpr_at_95_tpr": 0.27564102564102566
    }
  }
}