{
  "bloodmnist": {
    "predictive_entropy": {
      "auroc": 0.33449040241644745,
      "auprc": 0.7419266589734121,
      "fpr_at_95_tpr": 0.8381410256410257
    },
    "one_minus_max_softmax": {
      "auroc": 0.33448735749780767,
      "auprc": 0.7420244352631908,
      "fpr_at_95_tpr": 0.8381410256410257
    },
    "mutual_information": {
      "auroc": 0.5,
      "auprc": 0.8457354758961682,
      "fpr_at_95_tpr": 1.0
    },
    "expected_entropy": {
      "auroc": 0.33449040241644745,
      "auprc": 0.7419266589734121,
      "fpr_at_95_tpr": 0.8381410256410257
    },
    "softmax_variance_sum": {
      "auroc": 0.5,
      "auprc": 0.8457354758961682,
      "fpr_at_95_tpr": 1.0
    },
    "softmax_variance_max": {
      "auroc": 0.5,
      "auprc": 0.8457354758961682,
      "fpr_at_95_tpr": 1.0
    },
    "softmax_quantile_range_sum": {
      "auroc": 0.5,
      "auprc": 0.8457354758961682,
      "fpr_at_95_tpr": 1.0
    },
    "softmax_quantile_range_max": {
      "auroc": 0.5,
      "auprc": 0.8457354758961682,
      "fpr_at_95_tpr": 1.0
    }
  }
}