{
  "mean_sigma": 0.014949685893952847,
  "max_sigma": 0.015545484609901905,
  "sigma_norm": 0.48233845829963684,
  "train_size": 10000
}