{
  "organamnist": {
    "predictive_entropy": {
      "auroc": 0.8833517585837869,
      "auprc": 0.9919943429063914,
      "fpr_at_95_tpr": 0.24358974358974358
    },
    "one_minus_max_softmax": {
      "auroc": 0.8833515782975789,
      "auprc": 0.9919943075039217,
      "fpr_at_95_tpr": 0.24358974358974358
    },
    "mutual_information": {
      "auroc": 0.5,
      "auprc": 0.9660906423214868,
      "fpr_at_95_tpr": 1.0
    },
    "expected_entropy": {
      "auroc": 0.8833517585837869,
      "auprc": 0.9919943429063914,
      "fpr_at_95_tpr": 0.24358974358974358
    },
    "softmax_variance_sum": {
      "auroc": 0.5,
      "auprc": 0.9660906423214868,
      "fpr_at_95_tpr": 1.0
    },
    "softmax_variance_max": {
      "auroc": 0.5,
      "auprc": 0.9660906423214868,
      "fpr_at_95_tpr": 1.0
    },
    "softmax_quantile_range_sum": {
      "auroc": 0.5,
      "auprc": 0.9660906423214868,
      "fpr_at_95_tpr": 1.0
    },
    "softmax_quantile_range_max": {
      "auroc": 0.5,
      "auprc": 0.9660906423214868,
      "fpr_at_95_tpr": 1.0
    }
  }
}