{
  "organamnist": {
    "predictive_entropy": {
      "auroc": 0.581183961162024,
      "auprc": 0.958150370973624,
      "fpr_at_95_tpr": 0.8108974358974359
    },
    "one_minus_max_softmax": {
      "auroc": 0.581183690732712,
      "auprc": 0.9581503422363059,
      "fpr_at_95_tpr": 0.8108974358974359
    },
    "mutual_information": {
      "auroc": 0.3407848778092197,
      "auprc": 0.9344856836828923,
      "fpr_at_95_tpr": 0.9855769230769231
    },
    "expected_entropy": {
      "auroc": 0.63062925655737,
      "auprc": 0.9720599178014344,
      "fpr_at_95_tpr": 0.8076923076923077
    },
    "softmax_variance_sum": {
      "auroc": 0.4295917905593488,
      "auprc": 0.9410827659305059,
      "fpr_at_95_tpr": 0.9423076923076923
    },
    "softmax_variance_max": {
      "auroc": 0.42959183563090075,
      "auprc": 0.9410827791097118,
      "fpr_at_95_tpr": 0.9423076923076923
    },
    "softmax_quantile_range_sum": {
      "auroc": 0.43963792399710383,
      "auprc": 0.9414877347722505,
      "fpr_at_95_tpr": 0.9358974358974359
    },
    "softmax_quantile_range_max": {
      "auroc": 0.4396378789255519,
      "auprc": 0.9414877252728002,
      "fpr_at_95_tpr": 0.9358974358974359
    }
  }
}