{
  "bloodmnist": {
    "predictive_entropy": {
      "auroc": 0.8249480958484174,
      "auprc": 0.9460224989978907,
      "fpr_at_95_tpr": 0.48717948717948717
    },
    "one_minus_max_softmax": {
      "auroc": 0.8249480958484174,
      "auprc": 0.9460197520900323,
      "fpr_at_95_tpr": 0.48717948717948717
    },
    "mutual_information": {
      "auroc": 0.902789801302663,
      "auprc": 0.9799352585733178,
      "fpr_at_95_tpr": 0.4358974358974359
    },
    "expected_entropy": {
      "auroc": 0.7369963236120792,
      "auprc": 0.8858499590820428,
      "fpr_at_95_tpr": 0.5176282051282052
    },
    "softmax_variance_sum": {
      "auroc": 0.8849250294185986,
      "auprc": 0.9749224758895898,
      "fpr_at_95_tpr": 0.4519230769230769
    },
    "softmax_variance_max": {
      "auroc": 0.8849250294185986,
      "auprc": 0.9749224758895898,
      "fpr_at_95_tpr": 0.4519230769230769
    },
    "softmax_quantile_range_sum": {
      "auroc": 0.8930872851692787,
      "auprc": 0.9778670354914667,
      "fpr_at_95_tpr": 0.46955128205128205
    },
    "softmax_quantile_range_max": {
      "auroc": 0.8930872851692788,
      "auprc": 0.9778670398897107,
      "fpr_at_95_tpr": 0.46955128205128205
    },
    "expected_pairwise_kl": {
      "auroc": 0.9118463262353939,
      "auprc": 0.982451740279233,
      "fpr_at_95_tpr": 0.4326923076923077
    },
    "logit_variance_sum": {
      "auroc": 0.7753220118573816,
      "auprc": 0.9385667139918108,
      "fpr_at_95_tpr": 0.6089743589743589
    },
    "logit_variance_max": {
      "auroc": 0.7753201380612957,
      "auprc": 0.9385663002190454,
      "fpr_at_95_tpr": 0.6089743589743589
    }
  }
}