{
  "mean_sigma": 0.05953453853726387,
  "max_sigma": 0.060115665197372437,
  "sigma_norm": 1.9092378616333008
}