{
  "mean_sigma": 0.01936819590628147,
  "max_sigma": 0.019971095025539398,
  "sigma_norm": 0.6240290403366089
}