{
  "bloodmnist": {
    "predictive_entropy": {
      "auroc": 0.6312245163732302,
      "auprc": 0.8737023965256745,
      "fpr_at_95_tpr": 0.6939102564102564
    },
    "mutual_information": {
      "auroc": 0.7276404597546077,
      "auprc": 0.9227766775356128,
      "fpr_at_95_tpr": 0.6842948717948718
    },
    "expected_entropy": {
      "auroc": 0.539353933847503,
      "auprc": 0.8379591562338069,
      "fpr_at_95_tpr": 0.7868589743589743
    },
    "one_minus_max_softmax": {
      "auroc": 0.6312238136996979,
      "auprc": 0.8736865739507598,
      "fpr_at_95_tpr": 0.6939102564102564
    }
  }
}