{
  "bloodmnist": {
    "predictive_entropy": {
      "auroc": 0.6474293391495963,
      "auprc": 0.8925785227033228,
      "fpr_at_95_tpr": 0.844551282051282
    },
    "one_minus_max_softmax": {
      "auroc": 0.6474288707005749,
      "auprc": 0.8925784388498847,
      "fpr_at_95_tpr": 0.8461538461538461
    },
    "mutual_information": {
      "auroc": 0.5,
      "auprc": 0.8457354758961682,
      "fpr_at_95_tpr": 1.0
    },
    "expected_entropy": {
      "auroc": 0.6474293391495963,
      "auprc": 0.8925785227033228,
      "fpr_at_95_tpr": 0.844551282051282
    },
    "softmax_variance_sum": {
      "auroc": 0.5,
      "auprc": 0.8457354758961682,
      "fpr_at_95_tpr": 1.0
    },
    "softmax_variance_max": {
      "auroc": 0.5,
      "auprc": 0.8457354758961682,
      "fpr_at_95_tpr": 1.0
    },
    "softmax_quantile_range_sum": {
      "auroc": 0.5,
      "auprc": 0.8457354758961682,
      "fpr_at_95_tpr": 1.0
    },
    "softmax_quantile_range_max": {
      "auroc": 0.5,
      "auprc": 0.8457354758961682,
      "fpr_at_95_tpr": 1.0
    }
  }
}