{
  "bloodmnist": {
    "predictive_entropy": {
      "auroc": 0.9464815730892902,
      "auprc": 0.9874568012868589,
      "fpr_at_95_tpr": 0.2644230769230769
    },
    "one_minus_max_softmax": {
      "auroc": 0.9464808704157579,
      "auprc": 0.9874567327804734,
      "fpr_at_95_tpr": 0.2644230769230769
    },
    "mutual_information": {
      "auroc": 0.5,
      "auprc": 0.8457354758961682,
      "fpr_at_95_tpr": 1.0
    },
    "expected_entropy": {
      "auroc": 0.9464815730892902,
      "auprc": 0.9874568012868589,
      "fpr_at_95_tpr": 0.2644230769230769
    },
    "softmax_variance_sum": {
      "auroc": 0.5,
      "auprc": 0.8457354758961682,
      "fpr_at_95_tpr": 1.0
    },
    "softmax_variance_max": {
      "auroc": 0.5,
      "auprc": 0.8457354758961682,
      "fpr_at_95_tpr": 1.0
    },
    "softmax_quantile_range_sum": {
      "auroc": 0.5,
      "auprc": 0.8457354758961682,
      "fpr_at_95_tpr": 1.0
    },
    "softmax_quantile_range_max": {
      "auroc": 0.5,
      "auprc": 0.8457354758961682,
      "fpr_at_95_tpr": 1.0
    }
  }
}