{
  "organamnist": {
    "predictive_entropy": {
      "auroc": 0.7873557980765625,
      "auprc": 0.9859856704028735,
      "fpr_at_95_tpr": 0.46794871794871795
    },
    "one_minus_max_softmax": {
      "auroc": 0.7873560234343224,
      "auprc": 0.9860194009456775,
      "fpr_at_95_tpr": 0.46794871794871795
    },
    "mutual_information": {
      "auroc": 0.8473598707420004,
      "auprc": 0.9921610957913014,
      "fpr_at_95_tpr": 0.40865384615384615
    },
    "expected_entropy": {
      "auroc": 0.6884263105365029,
      "auprc": 0.97681813402665,
      "fpr_at_95_tpr": 0.6394230769230769
    },
    "softmax_variance_sum": {
      "auroc": 0.8279205103686202,
      "auprc": 0.9906912666743521,
      "fpr_at_95_tpr": 0.421474358974359
    },
    "softmax_variance_max": {
      "auroc": 0.8279205554401725,
      "auprc": 0.990691266764208,
      "fpr_at_95_tpr": 0.421474358974359
    },
    "softmax_quantile_range_sum": {
      "auroc": 0.8472296139567485,
      "auprc": 0.99217748890901,
      "fpr_at_95_tpr": 0.4423076923076923
    },
    "softmax_quantile_range_max": {
      "auroc": 0.8472297942429566,
      "auprc": 0.9921775277224604,
      "fpr_at_95_tpr": 0.4423076923076923
    },
    "expected_pairwise_kl": {
      "auroc": 0.8819339878443827,
      "auprc": 0.9944317572582388,
      "fpr_at_95_tpr": 0.40705128205128205
    },
    "logit_variance_sum": {
      "auroc": 0.8835514255591036,
      "auprc": 0.9945267104887265,
      "fpr_at_95_tpr": 0.45032051282051283
    },
    "logit_variance_max": {
      "auroc": 0.8835512903444476,
      "auprc": 0.9945266951714771,
      "fpr_at_95_tpr": 0.45032051282051283
    }
  }
}