{
  "bloodmnist": {
    "predictive_entropy": {
      "auroc": 0.705530368613166,
      "auprc": 0.9104394904312967,
      "fpr_at_95_tpr": 0.7740384615384616
    },
    "one_minus_max_softmax": {
      "auroc": 0.7055306028376767,
      "auprc": 0.9104810667099897,
      "fpr_at_95_tpr": 0.7740384615384616
    },
    "mutual_information": {
      "auroc": 0.5,
      "auprc": 0.8457354758961682,
      "fpr_at_95_tpr": 1.0
    },
    "expected_entropy": {
      "auroc": 0.705530368613166,
      "auprc": 0.9104394904312967,
      "fpr_at_95_tpr": 0.7740384615384616
    },
    "softmax_variance_sum": {
      "auroc": 0.5,
      "auprc": 0.8457354758961682,
      "fpr_at_95_tpr": 1.0
    },
    "softmax_variance_max": {
      "auroc": 0.5,
      "auprc": 0.8457354758961682,
      "fpr_at_95_tpr": 1.0
    },
    "softmax_quantile_range_sum": {
      "auroc": 0.5,
      "auprc": 0.8457354758961682,
      "fpr_at_95_tpr": 1.0
    },
    "softmax_quantile_range_max": {
      "auroc": 0.5,
      "auprc": 0.8457354758961682,
      "fpr_at_95_tpr": 1.0
    }
  }
}