{
  "tail_0": {
    "predictive_entropy": {
      "auroc": 0.9149024764409381,
      "auprc": 0.8871765340067488,
      "fpr_at_95_tpr": 0.4256410256410256
    },
    "one_minus_max_softmax": {
      "auroc": 0.9149024764409381,
      "auprc": 0.8871765340067488,
      "fpr_at_95_tpr": 0.4256410256410256
    },
    "mutual_information": {
      "auroc": 0.9230221345605961,
      "auprc": 0.8917572102157193,
      "fpr_at_95_tpr": 0.3717948717948718
    },
    "expected_entropy": {
      "auroc": 0.7771751040981811,
      "auprc": 0.6941566406233015,
      "fpr_at_95_tpr": 0.7615384615384615
    },
    "softmax_variance_sum": {
      "auroc": 0.9218496603111987,
      "auprc": 0.8922136501944491,
      "fpr_at_95_tpr": 0.40512820512820513
    },
    "softmax_variance_max": {
      "auroc": 0.9218496603111987,
      "auprc": 0.8922136501944491,
      "fpr_at_95_tpr": 0.40512820512820513
    },
    "softmax_quantile_range_sum": {
      "auroc": 0.914321718167872,
      "auprc": 0.8797974017472278,
      "fpr_at_95_tpr": 0.43333333333333335
    },
    "softmax_quantile_range_max": {
      "auroc": 0.914321718167872,
      "auprc": 0.8797974017472278,
      "fpr_at_95_tpr": 0.43333333333333335
    },
    "expected_pairwise_kl": {
      "auroc": 0.9268463730002191,
      "auprc": 0.8920802744016215,
      "fpr_at_95_tpr": 0.36153846153846153
    },
    "logit_variance_sum": {
      "auroc": 0.9110234494849881,
      "auprc": 0.8585221955219968,
      "fpr_at_95_tpr": 0.3717948717948718
    },
    "logit_variance_max": {
      "auroc": 0.9110234494849881,
      "auprc": 0.8585221955219968,
      "fpr_at_95_tpr": 0.3717948717948718
    }
  }
}