{
  "organamnist": {
    "predictive_entropy": {
      "auroc": 0.6660882634399763,
      "auprc": 0.9792859978609172,
      "fpr_at_95_tpr": 0.9118589743589743
    },
    "one_minus_max_softmax": {
      "auroc": 0.6660887141554962,
      "auprc": 0.979285918267129,
      "fpr_at_95_tpr": 0.9118589743589743
    },
    "mutual_information": {
      "auroc": 0.5,
      "auprc": 0.9660906423214868,
      "fpr_at_95_tpr": 1.0
    },
    "expected_entropy": {
      "auroc": 0.6660882634399763,
      "auprc": 0.9792859978609172,
      "fpr_at_95_tpr": 0.9118589743589743
    },
    "softmax_variance_sum": {
      "auroc": 0.5,
      "auprc": 0.9660906423214868,
      "fpr_at_95_tpr": 1.0
    },
    "softmax_variance_max": {
      "auroc": 0.5,
      "auprc": 0.9660906423214868,
      "fpr_at_95_tpr": 1.0
    },
    "softmax_quantile_range_sum": {
      "auroc": 0.5,
      "auprc": 0.9660906423214868,
      "fpr_at_95_tpr": 1.0
    },
    "softmax_quantile_range_max": {
      "auroc": 0.5,
      "auprc": 0.9660906423214868,
      "fpr_at_95_tpr": 1.0
    }
  }
}