{
  "mean_sigma": 0.020764512941241264,
  "max_sigma": 0.021352985873818398,
  "sigma_norm": 0.6680266857147217
}