{
  "mean_sigma": 0.4983006417751312,
  "max_sigma": 0.5009574294090271,
  "sigma_norm": 8.02017879486084,
  "train_size": 100
}