{
  "bloodmnist": {
    "predictive_entropy": {
      "auroc": 0.7280648745680901,
      "auprc": 0.8927363148068548,
      "fpr_at_95_tpr": 0.5448717948717948
    },
    "one_minus_max_softmax": {
      "auroc": 0.7280644061190685,
      "auprc": 0.8927361279207338,
      "fpr_at_95_tpr": 0.5448717948717948
    },
    "mutual_information": {
      "auroc": 0.7318691490717214,
      "auprc": 0.9152520769243402,
      "fpr_at_95_tpr": 0.594551282051282
    },
    "expected_entropy": {
      "auroc": 0.7260163469970544,
      "auprc": 0.8825165649331619,
      "fpr_at_95_tpr": 0.5400641025641025
    },
    "softmax_variance_sum": {
      "auroc": 0.7304638020072103,
      "auprc": 0.9100500397628437,
      "fpr_at_95_tpr": 0.5705128205128205
    },
    "softmax_variance_max": {
      "auroc": 0.7304638020072103,
      "auprc": 0.9100500397628437,
      "fpr_at_95_tpr": 0.5705128205128205
    },
    "softmax_quantile_range_sum": {
      "auroc": 0.7313383963303577,
      "auprc": 0.909043376569497,
      "fpr_at_95_tpr": 0.5576923076923077
    },
    "softmax_quantile_range_max": {
      "auroc": 0.7313383963303577,
      "auprc": 0.9090433851595332,
      "fpr_at_95_tpr": 0.5576923076923077
    }
  }
}