{
  "mean_sigma": 0.20682258903980255,
  "max_sigma": 0.2101505547761917,
  "sigma_norm": 3.34708309173584,
  "train_size": 1000
}