{
  "organamnist": {
    "predictive_entropy": {
      "auroc": 0.9671144435213791,
      "auprc": 0.9987857564550758,
      "fpr_at_95_tpr": 0.20032051282051283
    },
    "one_minus_max_softmax": {
      "auroc": 0.9671143083067231,
      "auprc": 0.9987857594333748,
      "fpr_at_95_tpr": 0.20032051282051283
    },
    "mutual_information": {
      "auroc": 0.5,
      "auprc": 0.9660906423214868,
      "fpr_at_95_tpr": 1.0
    },
    "expected_entropy": {
      "auroc": 0.9671144435213791,
      "auprc": 0.9987857564550758,
      "fpr_at_95_tpr": 0.20032051282051283
    },
    "softmax_variance_sum": {
      "auroc": 0.5,
      "auprc": 0.9660906423214868,
      "fpr_at_95_tpr": 1.0
    },
    "softmax_variance_max": {
      "auroc": 0.5,
      "auprc": 0.9660906423214868,
      "fpr_at_95_tpr": 1.0
    },
    "softmax_quantile_range_sum": {
      "auroc": 0.5,
      "auprc": 0.9660906423214868,
      "fpr_at_95_tpr": 1.0
    },
    "softmax_quantile_range_max": {
      "auroc": 0.5,
      "auprc": 0.9660906423214868,
      "fpr_at_95_tpr": 1.0
    }
  }
}