{
  "bloodmnist": {
    "predictive_entropy": {
      "auroc": 0.8795594143262953,
      "auprc": 0.963409451595739,
      "fpr_at_95_tpr": 0.32051282051282054
    },
    "one_minus_max_softmax": {
      "auroc": 0.8795591801017846,
      "auprc": 0.9634092525611668,
      "fpr_at_95_tpr": 0.32051282051282054
    },
    "mutual_information": {
      "auroc": 0.8957045098524198,
      "auprc": 0.9673825166444807,
      "fpr_at_95_tpr": 0.3189102564102564
    },
    "expected_entropy": {
      "auroc": 0.8338870400767507,
      "auprc": 0.9280178646954488,
      "fpr_at_95_tpr": 0.34134615384615385
    },
    "softmax_variance_sum": {
      "auroc": 0.8937534196778572,
      "auprc": 0.9664267400223028,
      "fpr_at_95_tpr": 0.32211538461538464
    },
    "softmax_variance_max": {
      "auroc": 0.8937534196778572,
      "auprc": 0.9664267400223028,
      "fpr_at_95_tpr": 0.32211538461538464
    },
    "softmax_quantile_range_sum": {
      "auroc": 0.8961153396442785,
      "auprc": 0.9687672863087831,
      "fpr_at_95_tpr": 0.3173076923076923
    },
    "softmax_quantile_range_max": {
      "auroc": 0.8961153396442785,
      "auprc": 0.9687672863087831,
      "fpr_at_95_tpr": 0.3173076923076923
    }
  }
}