{
  "bloodmnist": {
    "predictive_entropy": {
      "auroc": 0.13549466342874703,
      "auprc": 0.6914833154932446,
      "fpr_at_95_tpr": 0.9983974358974359
    },
    "one_minus_max_softmax": {
      "auroc": 0.13549466342874703,
      "auprc": 0.6914841414792111,
      "fpr_at_95_tpr": 0.9983974358974359
    },
    "mutual_information": {
      "auroc": 0.3114717543977994,
      "auprc": 0.7335006824700872,
      "fpr_at_95_tpr": 0.9086538461538461
    },
    "expected_entropy": {
      "auroc": 0.09051231458787727,
      "auprc": 0.6794263454508255,
      "fpr_at_95_tpr": 0.9983974358974359
    },
    "softmax_variance_sum": {
      "auroc": 0.24341735434983022,
      "auprc": 0.7171750630004614,
      "fpr_at_95_tpr": 0.9791666666666666
    },
    "softmax_variance_max": {
      "auroc": 0.24341735434983022,
      "auprc": 0.7171750630004614,
      "fpr_at_95_tpr": 0.9791666666666666
    },
    "softmax_quantile_range_sum": {
      "auroc": 0.23871318927589022,
      "auprc": 0.7161712724761184,
      "fpr_at_95_tpr": 0.9823717948717948
    },
    "softmax_quantile_range_max": {
      "auroc": 0.23871318927589025,
      "auprc": 0.716171368098536,
      "fpr_at_95_tpr": 0.9823717948717948
    }
  }
}