{
  "bloodmnist": {
    "predictive_entropy": {
      "auroc": 0.5831768713601512,
      "auprc": 0.8662657164854395,
      "fpr_at_95_tpr": 0.8621794871794872
    },
    "one_minus_max_softmax": {
      "auroc": 0.5831771055846618,
      "auprc": 0.866265575541757,
      "fpr_at_95_tpr": 0.8621794871794872
    },
    "mutual_information": {
      "auroc": 0.5,
      "auprc": 0.8457354758961682,
      "fpr_at_95_tpr": 1.0
    },
    "expected_entropy": {
      "auroc": 0.5831768713601512,
      "auprc": 0.8662657164854395,
      "fpr_at_95_tpr": 0.8621794871794872
    },
    "softmax_variance_sum": {
      "auroc": 0.5,
      "auprc": 0.8457354758961682,
      "fpr_at_95_tpr": 1.0
    },
    "softmax_variance_max": {
      "auroc": 0.5,
      "auprc": 0.8457354758961682,
      "fpr_at_95_tpr": 1.0
    },
    "softmax_quantile_range_sum": {
      "auroc": 0.5,
      "auprc": 0.8457354758961682,
      "fpr_at_95_tpr": 1.0
    },
    "softmax_quantile_range_max": {
      "auroc": 0.5,
      "auprc": 0.8457354758961682,
      "fpr_at_95_tpr": 1.0
    }
  }
}