{
  "organamnist": {
    "predictive_entropy": {
      "auroc": 0.9035777978256043,
      "auprc": 0.9927783877064035,
      "fpr_at_95_tpr": 0.20032051282051283
    },
    "one_minus_max_softmax": {
      "auroc": 0.903577797825604,
      "auprc": 0.9927783429785499,
      "fpr_at_95_tpr": 0.20032051282051283
    },
    "mutual_information": {
      "auroc": 0.5,
      "auprc": 0.9660906423214868,
      "fpr_at_95_tpr": 1.0
    },
    "expected_entropy": {
      "auroc": 0.9035777978256043,
      "auprc": 0.9927783877064035,
      "fpr_at_95_tpr": 0.20032051282051283
    },
    "softmax_variance_sum": {
      "auroc": 0.5,
      "auprc": 0.9660906423214868,
      "fpr_at_95_tpr": 1.0
    },
    "softmax_variance_max": {
      "auroc": 0.5,
      "auprc": 0.9660906423214868,
      "fpr_at_95_tpr": 1.0
    }
  }
}