{
  "tail_0": {
    "predictive_entropy": {
      "auroc": 0.7388998465921541,
      "auprc": 0.7156689596032796,
      "fpr_at_95_tpr": 1.0
    },
    "one_minus_max_softmax": {
      "auroc": 0.7388998465921541,
      "auprc": 0.7156689596032796,
      "fpr_at_95_tpr": 1.0
    },
    "mutual_information": {
      "auroc": 0.5,
      "auprc": 0.375,
      "fpr_at_95_tpr": 1.0
    },
    "expected_entropy": {
      "auroc": 0.7388998465921541,
      "auprc": 0.7156689596032796,
      "fpr_at_95_tpr": 1.0
    },
    "softmax_variance_sum": {
      "auroc": 0.5,
      "auprc": 0.375,
      "fpr_at_95_tpr": 1.0
    },
    "softmax_variance_max": {
      "auroc": 0.5,
      "auprc": 0.375,
      "fpr_at_95_tpr": 1.0
    }
  }
}