{
  "bloodmnist": {
    "predictive_entropy": {
      "auroc": 0.774413689204686,
      "auprc": 0.8763849172367115,
      "fpr_at_95_tpr": 0.30288461538461536
    },
    "one_minus_max_softmax": {
      "auroc": 0.774413689204686,
      "auprc": 0.8763849904954937,
      "fpr_at_95_tpr": 0.30288461538461536
    },
    "mutual_information": {
      "auroc": 0.8248581536362887,
      "auprc": 0.9193883861405938,
      "fpr_at_95_tpr": 0.27884615384615385
    },
    "expected_entropy": {
      "auroc": 0.6794319025026421,
      "auprc": 0.8408781303977281,
      "fpr_at_95_tpr": 0.4358974358974359
    },
    "softmax_variance_sum": {
      "auroc": 0.8033605595904632,
      "auprc": 0.8943699290892582,
      "fpr_at_95_tpr": 0.28365384615384615
    },
    "softmax_variance_max": {
      "auroc": 0.8033605595904632,
      "auprc": 0.8943699290892582,
      "fpr_at_95_tpr": 0.28365384615384615
    },
    "softmax_quantile_range_sum": {
      "auroc": 0.8386136907037229,
      "auprc": 0.9383346511103767,
      "fpr_at_95_tpr": 0.28205128205128205
    },
    "softmax_quantile_range_max": {
      "auroc": 0.8386136907037228,
      "auprc": 0.9383343314761767,
      "fpr_at_95_tpr": 0.28205128205128205
    },
    "expected_pairwise_kl": {
      "auroc": 0.895211701481798,
      "auprc": 0.9704009463424677,
      "fpr_at_95_tpr": 0.24519230769230768
    },
    "logit_variance_sum": {
      "auroc": 0.9220252550236473,
      "auprc": 0.9598267663972904,
      "fpr_at_95_tpr": 0.125
    },
    "logit_variance_max": {
      "auroc": 0.9220210389824538,
      "auprc": 0.9598249646356223,
      "fpr_at_95_tpr": 0.125
    }
  }
}