{
  "organamnist": {
    "predictive_entropy": {
      "auroc": 0.8301716541043238,
      "auprc": 0.9893599107883567,
      "fpr_at_95_tpr": 0.3717948717948718
    },
    "one_minus_max_softmax": {
      "auroc": 0.8301718343905315,
      "auprc": 0.9893598884648135,
      "fpr_at_95_tpr": 0.3717948717948718
    },
    "mutual_information": {
      "auroc": 0.9173899749330057,
      "auprc": 0.9966045165248147,
      "fpr_at_95_tpr": 0.34455128205128205
    },
    "expected_entropy": {
      "auroc": 0.6475206770251909,
      "auprc": 0.9568901169068911,
      "fpr_at_95_tpr": 0.4775641025641026
    },
    "softmax_variance_sum": {
      "auroc": 0.8976047354696528,
      "auprc": 0.9955355361627032,
      "fpr_at_95_tpr": 0.34775641025641024
    },
    "softmax_variance_max": {
      "auroc": 0.8976047354696527,
      "auprc": 0.9955355361610267,
      "fpr_at_95_tpr": 0.34775641025641024
    },
    "softmax_quantile_range_sum": {
      "auroc": 0.920613402188242,
      "auprc": 0.9968865785202319,
      "fpr_at_95_tpr": 0.38461538461538464
    },
    "softmax_quantile_range_max": {
      "auroc": 0.92061335711669,
      "auprc": 0.9968865885525228,
      "fpr_at_95_tpr": 0.38461538461538464
    },
    "expected_pairwise_kl": {
      "auroc": 0.9558607079911501,
      "auprc": 0.9983410690996334,
      "fpr_at_95_tpr": 0.296474358974359
    },
    "logit_variance_sum": {
      "auroc": 0.9860324161813363,
      "auprc": 0.9995131758713137,
      "fpr_at_95_tpr": 0.02403846153846154
    },
    "logit_variance_max": {
      "auroc": 0.9860322358951283,
      "auprc": 0.9995131694024033,
      "fpr_at_95_tpr": 0.02403846153846154
    }
  }
}