{
  "organamnist": {
    "predictive_entropy": {
      "auroc": 0.9073222972933993,
      "auprc": 0.9933027336944497,
      "fpr_at_95_tpr": 0.1907051282051282
    },
    "one_minus_max_softmax": {
      "auroc": 0.9073221620787433,
      "auprc": 0.9932889840342563,
      "fpr_at_95_tpr": 0.1907051282051282
    },
    "mutual_information": {
      "auroc": 0.9282022346114905,
      "auprc": 0.9963923126779609,
      "fpr_at_95_tpr": 0.20993589743589744
    },
    "expected_entropy": {
      "auroc": 0.8785521791554528,
      "auprc": 0.9881223942653301,
      "fpr_at_95_tpr": 0.20352564102564102
    },
    "softmax_variance_sum": {
      "auroc": 0.9236057025248723,
      "auprc": 0.9959889939976561,
      "fpr_at_95_tpr": 0.20192307692307693
    },
    "softmax_variance_max": {
      "auroc": 0.9236057025248723,
      "auprc": 0.9959889939159853,
      "fpr_at_95_tpr": 0.20192307692307693
    },
    "expected_pairwise_kl": {
      "auroc": 0.9314900691145208,
      "auprc": 0.9967250397540938,
      "fpr_at_95_tpr": 0.21955128205128205
    },
    "logit_variance_sum": {
      "auroc": 0.7741276130682981,
      "auprc": 0.9733327991521582,
      "fpr_at_95_tpr": 0.4310897435897436
    },
    "logit_variance_max": {
      "auroc": 0.7741262609217385,
      "auprc": 0.9733325984349137,
      "fpr_at_95_tpr": 0.4310897435897436
    }
  }
}