{
  "bloodmnist": {
    "predictive_entropy": {
      "auroc": 0.37504895292274715,
      "auprc": 0.7827394177525807,
      "fpr_at_95_tpr": 0.9214743589743589
    },
    "one_minus_max_softmax": {
      "auroc": 0.3750487186982364,
      "auprc": 0.7827394288828898,
      "fpr_at_95_tpr": 0.9214743589743589
    },
    "mutual_information": {
      "auroc": 0.5,
      "auprc": 0.8457354758961682,
      "fpr_at_95_tpr": 1.0
    },
    "expected_entropy": {
      "auroc": 0.37504895292274715,
      "auprc": 0.7827394177525807,
      "fpr_at_95_tpr": 0.9214743589743589
    },
    "softmax_variance_sum": {
      "auroc": 0.5,
      "auprc": 0.8457354758961682,
      "fpr_at_95_tpr": 1.0
    },
    "softmax_variance_max": {
      "auroc": 0.5,
      "auprc": 0.8457354758961682,
      "fpr_at_95_tpr": 1.0
    },
    "softmax_quantile_range_sum": {
      "auroc": 0.5,
      "auprc": 0.8457354758961682,
      "fpr_at_95_tpr": 1.0
    },
    "softmax_quantile_range_max": {
      "auroc": 0.5,
      "auprc": 0.8457354758961682,
      "fpr_at_95_tpr": 1.0
    }
  }
}