{
  "bloodmnist": {
    "predictive_entropy": {
      "auroc": 0.29120243368635657,
      "auprc": 0.7262026616654205,
      "fpr_at_95_tpr": 0.8701923076923077
    },
    "one_minus_max_softmax": {
      "auroc": 0.2912078208501038,
      "auprc": 0.7263531970834783,
      "fpr_at_95_tpr": 0.8701923076923077
    },
    "mutual_information": {
      "auroc": 0.5,
      "auprc": 0.8457354758961682,
      "fpr_at_95_tpr": 1.0
    },
    "expected_entropy": {
      "auroc": 0.29120243368635657,
      "auprc": 0.7262026616654205,
      "fpr_at_95_tpr": 0.8701923076923077
    },
    "softmax_variance_sum": {
      "auroc": 0.5,
      "auprc": 0.8457354758961682,
      "fpr_at_95_tpr": 1.0
    },
    "softmax_variance_max": {
      "auroc": 0.5,
      "auprc": 0.8457354758961682,
      "fpr_at_95_tpr": 1.0
    },
    "softmax_quantile_range_sum": {
      "auroc": 0.5,
      "auprc": 0.8457354758961682,
      "fpr_at_95_tpr": 1.0
    },
    "softmax_quantile_range_max": {
      "auroc": 0.5,
      "auprc": 0.8457354758961682,
      "fpr_at_95_tpr": 1.0
    }
  }
}