{
  "mean_sigma": 0.010768987238407135,
  "max_sigma": 0.011362169869244099,
  "sigma_norm": 0.34796324372291565
}