method,run_name,train_size,far_ood_mutual_information,near_ood_mutual_information,far_ood_logit_variance_sum,near_ood_logit_variance_sum,far_ood_expected_pairwise_kl,near_ood_expected_pairwise_kl,far_ood_softmax_variance_sum,near_ood_softmax_variance_sum,mean_sigma,max_sigma,sigma_norm,far_ood_predictive_entropy,near_ood_predictive_entropy,far_ood_one_minus_max_softmax,near_ood_one_minus_max_softmax
ensemble,pneumonia_ensemble_n100,100,0.5588355575292874,,,,,,0.5370817218686994,,,,,,,,
ensemble,pneumonia_ensemble_n1000,1000,0.8188189088510631,,,,,,0.8111110486512415,,,,,,,,
ensemble,pneumonia_ensemble_n10000,10000,0.9612002413449359,,,,,,0.9557896551465683,,,,,,,,
lll,pneumonia_lll_n100,100,0.5340639732721727,0.7021353639329508,0.4122370127193278,0.8838735519411777,0.5387458870175913,0.7053973724366907,0.534268451270059,0.6974397195035061,0.49913835525512695,0.5016653537750244,8.033124923706055,,,,
lll,pneumonia_lll_n1000,1000,0.6589794182237911,0.15426752778571037,0.6093355331699383,0.06736628532527958,0.7483428615864307,0.1476760837364533,0.6246650589496249,0.20436685647198644,0.24585400521755219,0.24839210510253906,3.964146852493286,,,,
lll,pneumonia_lll_n10000,10000,0.8974302760476395,0.7859337455397193,0.7753220118573816,0.9433497465897062,0.902391619634385,0.8212407260774626,0.8800597178812612,0.7630297800364034,0.17578259110450745,0.1810026615858078,2.859541416168213,,,,
map,pneumonia_map_n100,100,,,,,,,,,,,,0.8827551735509934,0.3653993988536681,0.8827540024284397,0.36540007492694804
map,pneumonia_map_n1000,1000,,,,,,,,,,,,0.41051452566725877,0.9475410854239322,0.41051452566725877,0.9475410854239322
map,pneumonia_map_n10000,10000,,,,,,,,,,,,0.7306010575705109,0.47670382185126536,0.7305994179989357,0.47670801350560044
