{
  "organamnist": {
    "predictive_entropy": {
      "auroc": 0.7755185211627162,
      "auprc": 0.9840306962664119,
      "fpr_at_95_tpr": 0.4567307692307692
    },
    "one_minus_max_softmax": {
      "auroc": 0.7755186113058202,
      "auprc": 0.9840310020215255,
      "fpr_at_95_tpr": 0.4567307692307692
    },
    "mutual_information": {
      "auroc": 0.9629565928502817,
      "auprc": 0.9986727394507391,
      "fpr_at_95_tpr": 0.28685897435897434
    },
    "expected_entropy": {
      "auroc": 0.4216749724522675,
      "auprc": 0.9375846757248484,
      "fpr_at_95_tpr": 0.8669871794871795
    },
    "softmax_variance_sum": {
      "auroc": 0.9465301755843438,
      "auprc": 0.9979874315950703,
      "fpr_at_95_tpr": 0.3269230769230769
    },
    "softmax_variance_max": {
      "auroc": 0.9465301755843438,
      "auprc": 0.9979874315802144,
      "fpr_at_95_tpr": 0.3269230769230769
    },
    "softmax_quantile_range_sum": {
      "auroc": 0.9542776147990457,
      "auprc": 0.9983505944125846,
      "fpr_at_95_tpr": 0.33974358974358976
    },
    "softmax_quantile_range_max": {
      "auroc": 0.9542776147990457,
      "auprc": 0.9983505944114874,
      "fpr_at_95_tpr": 0.33974358974358976
    },
    "expected_pairwise_kl": {
      "auroc": 0.9687291769429806,
      "auprc": 0.9988896950052485,
      "fpr_at_95_tpr": 0.22435897435897437
    },
    "logit_variance_sum": {
      "auroc": 0.972135594699297,
      "auprc": 0.9989832664434195,
      "fpr_at_95_tpr": 0.1891025641025641
    },
    "logit_variance_max": {
      "auroc": 0.972135684842401,
      "auprc": 0.9989832697684868,
      "fpr_at_95_tpr": 0.1891025641025641
    }
  }
}