{
  "bloodmnist": {
    "predictive_entropy": {
      "auroc": 0.14823975595679775,
      "auprc": 0.6973562727808194,
      "fpr_at_95_tpr": 0.9919871794871795
    },
    "one_minus_max_softmax": {
      "auroc": 0.14823975595679775,
      "auprc": 0.6973564195693678,
      "fpr_at_95_tpr": 0.9919871794871795
    },
    "mutual_information": {
      "auroc": 0.25401179742015756,
      "auprc": 0.7232126706771075,
      "fpr_at_95_tpr": 0.9903846153846154
    },
    "expected_entropy": {
      "auroc": 0.15450736964000628,
      "auprc": 0.7082156266400274,
      "fpr_at_95_tpr": 0.9839743589743589
    },
    "softmax_variance_sum": {
      "auroc": 0.21355888216820695,
      "auprc": 0.712775280513284,
      "fpr_at_95_tpr": 0.9951923076923077
    },
    "softmax_variance_max": {
      "auroc": 0.21355888216820695,
      "auprc": 0.712775280513284,
      "fpr_at_95_tpr": 0.9951923076923077
    },
    "expected_pairwise_kl": {
      "auroc": 0.27381547980422577,
      "auprc": 0.7285611354000031,
      "fpr_at_95_tpr": 0.9855769230769231
    },
    "logit_variance_sum": {
      "auroc": 0.7495523969599533,
      "auprc": 0.926302018251177,
      "fpr_at_95_tpr": 0.7483974358974359
    },
    "logit_variance_max": {
      "auroc": 0.749552631184464,
      "auprc": 0.9263021822181593,
      "fpr_at_95_tpr": 0.7483974358974359
    }
  }
}