{
  "bloodmnist": {
    "predictive_entropy": {
      "auroc": 0.8282881373717388,
      "auprc": 0.9449185137710513,
      "fpr_at_95_tpr": 0.5208333333333334
    },
    "one_minus_max_softmax": {
      "auroc": 0.828287903147228,
      "auprc": 0.944918070830722,
      "fpr_at_95_tpr": 0.5208333333333334
    },
    "mutual_information": {
      "auroc": 0.8305296659396337,
      "auprc": 0.946183211544795,
      "fpr_at_95_tpr": 0.5480769230769231
    },
    "expected_entropy": {
      "auroc": 0.808238519251381,
      "auprc": 0.9367123361037516,
      "fpr_at_95_tpr": 0.5208333333333334
    },
    "softmax_variance_sum": {
      "auroc": 0.8305947803536229,
      "auprc": 0.9446068997074284,
      "fpr_at_95_tpr": 0.5368589743589743
    },
    "softmax_variance_max": {
      "auroc": 0.8305952488026443,
      "auprc": 0.9446069578957244,
      "fpr_at_95_tpr": 0.5368589743589743
    },
    "softmax_quantile_range_sum": {
      "auroc": 0.8322109294778105,
      "auprc": 0.9487039507640973,
      "fpr_at_95_tpr": 0.530448717948718
    },
    "softmax_quantile_range_max": {
      "auroc": 0.8322111637023213,
      "auprc": 0.9487039587747021,
      "fpr_at_95_tpr": 0.530448717948718
    }
  }
}