{
  "bloodmnist": {
    "predictive_entropy": {
      "auroc": 0.7476905463239868,
      "auprc": 0.8644108315186807,
      "fpr_at_95_tpr": 0.3541666666666667
    },
    "one_minus_max_softmax": {
      "auroc": 0.7476907805484976,
      "auprc": 0.8644115655288106,
      "fpr_at_95_tpr": 0.3541666666666667
    },
    "mutual_information": {
      "auroc": 0.5,
      "auprc": 0.8457354758961682,
      "fpr_at_95_tpr": 1.0
    },
    "expected_entropy": {
      "auroc": 0.7476905463239868,
      "auprc": 0.8644108315186807,
      "fpr_at_95_tpr": 0.3541666666666667
    },
    "softmax_variance_sum": {
      "auroc": 0.5,
      "auprc": 0.8457354758961682,
      "fpr_at_95_tpr": 1.0
    },
    "softmax_variance_max": {
      "auroc": 0.5,
      "auprc": 0.8457354758961682,
      "fpr_at_95_tpr": 1.0
    },
    "softmax_quantile_range_sum": {
      "auroc": 0.5,
      "auprc": 0.8457354758961682,
      "fpr_at_95_tpr": 1.0
    },
    "softmax_quantile_range_max": {
      "auroc": 0.5,
      "auprc": 0.8457354758961682,
      "fpr_at_95_tpr": 1.0
    }
  }
}