{
  "tail_0": {
    "predictive_entropy": {
      "auroc": 0.8136478194170502,
      "auprc": 0.7041085842648113,
      "fpr_at_95_tpr": 0.7205128205128205
    },
    "one_minus_max_softmax": {
      "auroc": 0.8136423405654176,
      "auprc": 0.7041085842648112,
      "fpr_at_95_tpr": 0.7205128205128205
    },
    "mutual_information": {
      "auroc": 0.8325115055884287,
      "auprc": 0.7302594727087124,
      "fpr_at_95_tpr": 0.6230769230769231
    },
    "expected_entropy": {
      "auroc": 0.7211702827087443,
      "auprc": 0.5545180641717843,
      "fpr_at_95_tpr": 0.7769230769230769
    },
    "softmax_variance_sum": {
      "auroc": 0.8422090729783038,
      "auprc": 0.7553681131799203,
      "fpr_at_95_tpr": 0.6846153846153846
    },
    "softmax_variance_max": {
      "auroc": 0.8422090729783038,
      "auprc": 0.7553681131799203,
      "fpr_at_95_tpr": 0.6846153846153846
    },
    "softmax_quantile_range_sum": {
      "auroc": 0.8212689020381329,
      "auprc": 0.7243123320094577,
      "fpr_at_95_tpr": 0.7256410256410256
    },
    "softmax_quantile_range_max": {
      "auroc": 0.8212689020381329,
      "auprc": 0.7243123320094577,
      "fpr_at_95_tpr": 0.7256410256410256
    },
    "expected_pairwise_kl": {
      "auroc": 0.843326758711374,
      "auprc": 0.7459337187049393,
      "fpr_at_95_tpr": 0.517948717948718
    },
    "logit_variance_sum": {
      "auroc": 0.7392176199868508,
      "auprc": 0.5874558457841617,
      "fpr_at_95_tpr": 0.7615384615384615
    },
    "logit_variance_max": {
      "auroc": 0.7392176199868508,
      "auprc": 0.5874558457841617,
      "fpr_at_95_tpr": 0.7615384615384615
    }
  }
}