{
  "bloodmnist": {
    "predictive_entropy": {
      "auroc": 0.6467957618480127,
      "auprc": 0.8805506861300645,
      "fpr_at_95_tpr": 0.6682692307692307
    },
    "one_minus_max_softmax": {
      "auroc": 0.6467959960725235,
      "auprc": 0.8805487369653074,
      "fpr_at_95_tpr": 0.6682692307692307
    },
    "mutual_information": {
      "auroc": 0.8311009395213576,
      "auprc": 0.9584594954719792,
      "fpr_at_95_tpr": 0.5176282051282052
    },
    "expected_entropy": {
      "auroc": 0.4474325246029426,
      "auprc": 0.7850680694568799,
      "fpr_at_95_tpr": 0.8397435897435898
    },
    "softmax_variance_sum": {
      "auroc": 0.7750662386916405,
      "auprc": 0.9421219794815261,
      "fpr_at_95_tpr": 0.5608974358974359
    },
    "softmax_variance_max": {
      "auroc": 0.7750662386916406,
      "auprc": 0.9421219697683093,
      "fpr_at_95_tpr": 0.5608974358974359
    },
    "softmax_quantile_range_sum": {
      "auroc": 0.8074379398736312,
      "auprc": 0.9522641104270994,
      "fpr_at_95_tpr": 0.5480769230769231
    },
    "softmax_quantile_range_max": {
      "auroc": 0.8074379398736311,
      "auprc": 0.952264091575281,
      "fpr_at_95_tpr": 0.5480769230769231
    },
    "expected_pairwise_kl": {
      "auroc": 0.8997223971098569,
      "auprc": 0.9766330974862631,
      "fpr_at_95_tpr": 0.4583333333333333
    },
    "logit_variance_sum": {
      "auroc": 0.9357353525359956,
      "auprc": 0.9845098661013287,
      "fpr_at_95_tpr": 0.21794871794871795
    },
    "logit_variance_max": {
      "auroc": 0.935734884086974,
      "auprc": 0.9845097719747875,
      "fpr_at_95_tpr": 0.21794871794871795
    }
  }
}