{
  "organamnist": {
    "predictive_entropy": {
      "auroc": 0.6005384067314543,
      "auprc": 0.974227931071042,
      "fpr_at_95_tpr": 0.8685897435897436
    },
    "one_minus_max_softmax": {
      "auroc": 0.6005383616599024,
      "auprc": 0.9742288319649125,
      "fpr_at_95_tpr": 0.8685897435897436
    },
    "mutual_information": {
      "auroc": 0.5,
      "auprc": 0.9660906423214868,
      "fpr_at_95_tpr": 1.0
    },
    "expected_entropy": {
      "auroc": 0.6005384067314543,
      "auprc": 0.974227931071042,
      "fpr_at_95_tpr": 0.8685897435897436
    },
    "softmax_variance_sum": {
      "auroc": 0.5,
      "auprc": 0.9660906423214868,
      "fpr_at_95_tpr": 1.0
    },
    "softmax_variance_max": {
      "auroc": 0.5,
      "auprc": 0.9660906423214868,
      "fpr_at_95_tpr": 1.0
    },
    "softmax_quantile_range_sum": {
      "auroc": 0.5,
      "auprc": 0.9660906423214868,
      "fpr_at_95_tpr": 1.0
    },
    "softmax_quantile_range_max": {
      "auroc": 0.5,
      "auprc": 0.9660906423214868,
      "fpr_at_95_tpr": 1.0
    }
  }
}