{
  "mean_sigma": 0.02359609678387642,
  "max_sigma": 0.024288704618811607,
  "sigma_norm": 0.7610495686531067,
  "train_size": 100
}