{
  "bloodmnist": {
    "predictive_entropy": {
      "auroc": 0.35519491226886724,
      "auprc": 0.7490071483375493,
      "fpr_at_95_tpr": 0.907051282051282
    },
    "one_minus_max_softmax": {
      "auroc": 0.35519491226886724,
      "auprc": 0.7490073396583352,
      "fpr_at_95_tpr": 0.907051282051282
    },
    "mutual_information": {
      "auroc": 0.49213638050052844,
      "auprc": 0.7819969590278426,
      "fpr_at_95_tpr": 0.6714743589743589
    },
    "expected_entropy": {
      "auroc": 0.3397054111483372,
      "auprc": 0.7457356636689785,
      "fpr_at_95_tpr": 0.9246794871794872
    },
    "softmax_variance_sum": {
      "auroc": 0.4213464723914885,
      "auprc": 0.7624705893592345,
      "fpr_at_95_tpr": 0.7724358974358975
    },
    "softmax_variance_max": {
      "auroc": 0.4213464723914885,
      "auprc": 0.7624705893592345,
      "fpr_at_95_tpr": 0.7724358974358975
    }
  }
}