{
  "bloodmnist": {
    "predictive_entropy": {
      "auroc": 0.9519399410878511,
      "auprc": 0.9873885832359021,
      "fpr_at_95_tpr": 0.1778846153846154
    },
    "one_minus_max_softmax": {
      "auroc": 0.951930572107421,
      "auprc": 0.9874054188116126,
      "fpr_at_95_tpr": 0.1778846153846154
    },
    "mutual_information": {
      "auroc": 0.5,
      "auprc": 0.8457354758961682,
      "fpr_at_95_tpr": 1.0
    },
    "expected_entropy": {
      "auroc": 0.9519399410878511,
      "auprc": 0.9873885832359021,
      "fpr_at_95_tpr": 0.1778846153846154
    },
    "softmax_variance_sum": {
      "auroc": 0.5,
      "auprc": 0.8457354758961682,
      "fpr_at_95_tpr": 1.0
    },
    "softmax_variance_max": {
      "auroc": 0.5,
      "auprc": 0.8457354758961682,
      "fpr_at_95_tpr": 1.0
    },
    "softmax_quantile_range_sum": {
      "auroc": 0.5,
      "auprc": 0.8457354758961682,
      "fpr_at_95_tpr": 1.0
    },
    "softmax_quantile_range_max": {
      "auroc": 0.5,
      "auprc": 0.8457354758961682,
      "fpr_at_95_tpr": 1.0
    }
  }
}