{
  "bloodmnist": {
    "predictive_entropy": {
      "auroc": 0.7952268792300946,
      "auprc": 0.8804976706825878,
      "fpr_at_95_tpr": 0.23076923076923078
    },
    "one_minus_max_softmax": {
      "auroc": 0.7952266450055838,
      "auprc": 0.8804998405164551,
      "fpr_at_95_tpr": 0.23076923076923078
    },
    "mutual_information": {
      "auroc": 0.5,
      "auprc": 0.8457354758961682,
      "fpr_at_95_tpr": 1.0
    },
    "expected_entropy": {
      "auroc": 0.7952268792300946,
      "auprc": 0.8804976706825878,
      "fpr_at_95_tpr": 0.23076923076923078
    },
    "softmax_variance_sum": {
      "auroc": 0.5,
      "auprc": 0.8457354758961682,
      "fpr_at_95_tpr": 1.0
    },
    "softmax_variance_max": {
      "auroc": 0.5,
      "auprc": 0.8457354758961682,
      "fpr_at_95_tpr": 1.0
    },
    "softmax_quantile_range_sum": {
      "auroc": 0.5,
      "auprc": 0.8457354758961682,
      "fpr_at_95_tpr": 1.0
    },
    "softmax_quantile_range_max": {
      "auroc": 0.5,
      "auprc": 0.8457354758961682,
      "fpr_at_95_tpr": 1.0
    }
  }
}