{
  "tail_0": {
    "predictive_entropy": {
      "auroc": 0.7848674117904888,
      "auprc": 0.6818556791110857,
      "fpr_at_95_tpr": 0.8102564102564103
    },
    "one_minus_max_softmax": {
      "auroc": 0.7848674117904888,
      "auprc": 0.6818556791110857,
      "fpr_at_95_tpr": 0.8102564102564103
    },
    "mutual_information": {
      "auroc": 0.5,
      "auprc": 0.375,
      "fpr_at_95_tpr": 1.0
    },
    "expected_entropy": {
      "auroc": 0.7848674117904888,
      "auprc": 0.6818556791110857,
      "fpr_at_95_tpr": 0.8102564102564103
    },
    "softmax_variance_sum": {
      "auroc": 0.5,
      "auprc": 0.375,
      "fpr_at_95_tpr": 1.0
    },
    "softmax_variance_max": {
      "auroc": 0.5,
      "auprc": 0.375,
      "fpr_at_95_tpr": 1.0
    },
    "softmax_quantile_range_sum": {
      "auroc": 0.5,
      "auprc": 0.375,
      "fpr_at_95_tpr": 1.0
    },
    "softmax_quantile_range_max": {
      "auroc": 0.5,
      "auprc": 0.375,
      "fpr_at_95_tpr": 1.0
    }
  }
}