{
  "tail_0": {
    "predictive_entropy": {
      "auroc": 0.8815472277010739,
      "auprc": 0.8371948260209642,
      "fpr_at_95_tpr": 0.5512820512820513
    },
    "one_minus_max_softmax": {
      "auroc": 0.8815472277010739,
      "auprc": 0.8371948260209642,
      "fpr_at_95_tpr": 0.5512820512820513
    },
    "mutual_information": {
      "auroc": 0.9101797063335525,
      "auprc": 0.8799788776235329,
      "fpr_at_95_tpr": 0.4666666666666667
    },
    "expected_entropy": {
      "auroc": 0.6717510409818102,
      "auprc": 0.5078014324957916,
      "fpr_at_95_tpr": 0.8205128205128205
    },
    "softmax_variance_sum": {
      "auroc": 0.9038461538461539,
      "auprc": 0.8722951020456836,
      "fpr_at_95_tpr": 0.48717948717948717
    },
    "softmax_variance_max": {
      "auroc": 0.9038461538461539,
      "auprc": 0.8722951020456836,
      "fpr_at_95_tpr": 0.48717948717948717
    },
    "softmax_quantile_range_sum": {
      "auroc": 0.9042735042735044,
      "auprc": 0.8730704852626201,
      "fpr_at_95_tpr": 0.4948717948717949
    },
    "softmax_quantile_range_max": {
      "auroc": 0.9042735042735044,
      "auprc": 0.8730704852626201,
      "fpr_at_95_tpr": 0.4948717948717949
    },
    "expected_pairwise_kl": {
      "auroc": 0.9161845277229893,
      "auprc": 0.8844510194337442,
      "fpr_at_95_tpr": 0.40512820512820513
    },
    "logit_variance_sum": {
      "auroc": 0.9286763094455402,
      "auprc": 0.8897391792555772,
      "fpr_at_95_tpr": 0.3230769230769231
    },
    "logit_variance_max": {
      "auroc": 0.9217948717948717,
      "auprc": 0.881632296589981,
      "fpr_at_95_tpr": 0.34615384615384615
    }
  }
}