{
  "organamnist": {
    "predictive_entropy": {
      "auroc": 0.8299378228925984,
      "auprc": 0.9907415641752118,
      "fpr_at_95_tpr": 0.6314102564102564
    },
    "one_minus_max_softmax": {
      "auroc": 0.8299376426063905,
      "auprc": 0.9907415464570472,
      "fpr_at_95_tpr": 0.6314102564102564
    },
    "mutual_information": {
      "auroc": 0.5,
      "auprc": 0.9660906423214868,
      "fpr_at_95_tpr": 1.0
    },
    "expected_entropy": {
      "auroc": 0.8299378228925984,
      "auprc": 0.9907415641752118,
      "fpr_at_95_tpr": 0.6314102564102564
    },
    "softmax_variance_sum": {
      "auroc": 0.5,
      "auprc": 0.9660906423214868,
      "fpr_at_95_tpr": 1.0
    },
    "softmax_variance_max": {
      "auroc": 0.5,
      "auprc": 0.9660906423214868,
      "fpr_at_95_tpr": 1.0
    },
    "softmax_quantile_range_sum": {
      "auroc": 0.5,
      "auprc": 0.9660906423214868,
      "fpr_at_95_tpr": 1.0
    },
    "softmax_quantile_range_max": {
      "auroc": 0.5,
      "auprc": 0.9660906423214868,
      "fpr_at_95_tpr": 1.0
    }
  }
}