{
  "mean_sigma": 0.16099362075328827,
  "max_sigma": 0.16363711655139923,
  "sigma_norm": 2.60664701461792,
  "train_size": 1000
}