{
  "bloodmnist": {
    "predictive_entropy": {
      "auroc": 0.6773159182725099,
      "auprc": 0.8359973742296196,
      "fpr_at_95_tpr": 0.3894230769230769
    },
    "one_minus_max_softmax": {
      "auroc": 0.6773163867215314,
      "auprc": 0.8359985496471772,
      "fpr_at_95_tpr": 0.3894230769230769
    },
    "mutual_information": {
      "auroc": 0.5,
      "auprc": 0.8457354758961682,
      "fpr_at_95_tpr": 1.0
    },
    "expected_entropy": {
      "auroc": 0.6773159182725099,
      "auprc": 0.8359973742296196,
      "fpr_at_95_tpr": 0.3894230769230769
    },
    "softmax_variance_sum": {
      "auroc": 0.5,
      "auprc": 0.8457354758961682,
      "fpr_at_95_tpr": 1.0
    },
    "softmax_variance_max": {
      "auroc": 0.5,
      "auprc": 0.8457354758961682,
      "fpr_at_95_tpr": 1.0
    },
    "softmax_quantile_range_sum": {
      "auroc": 0.5,
      "auprc": 0.8457354758961682,
      "fpr_at_95_tpr": 1.0
    },
    "softmax_quantile_range_max": {
      "auroc": 0.5,
      "auprc": 0.8457354758961682,
      "fpr_at_95_tpr": 1.0
    }
  }
}