{
  "organamnist": {
    "predictive_entropy": {
      "auroc": 0.8699625779918135,
      "auprc": 0.9907531951277174,
      "fpr_at_95_tpr": 0.29967948717948717
    },
    "one_minus_max_softmax": {
      "auroc": 0.8699626681349175,
      "auprc": 0.9907537989964018,
      "fpr_at_95_tpr": 0.29967948717948717
    },
    "mutual_information": {
      "auroc": 0.9296343831759796,
      "auprc": 0.9969168664203238,
      "fpr_at_95_tpr": 0.27884615384615385
    },
    "expected_entropy": {
      "auroc": 0.8004004517251226,
      "auprc": 0.9804607065308699,
      "fpr_at_95_tpr": 0.36378205128205127
    },
    "softmax_variance_sum": {
      "auroc": 0.9198531352492709,
      "auprc": 0.996347481889571,
      "fpr_at_95_tpr": 0.28525641025641024
    },
    "softmax_variance_max": {
      "auroc": 0.9198531352492709,
      "auprc": 0.9963474819392921,
      "fpr_at_95_tpr": 0.28525641025641024
    },
    "softmax_quantile_range_sum": {
      "auroc": 0.9160854239322007,
      "auprc": 0.9960446928516071,
      "fpr_at_95_tpr": 0.28365384615384615
    },
    "softmax_quantile_range_max": {
      "auroc": 0.9160854239322007,
      "auprc": 0.9960446928544299,
      "fpr_at_95_tpr": 0.28365384615384615
    }
  }
}