{
  "bloodmnist": {
    "predictive_entropy": {
      "auroc": 0.6382758452694144,
      "auprc": 0.8289684512180744,
      "fpr_at_95_tpr": 0.4935897435897436
    },
    "one_minus_max_softmax": {
      "auroc": 0.6382737372488176,
      "auprc": 0.8289919677506881,
      "fpr_at_95_tpr": 0.4935897435897436
    },
    "mutual_information": {
      "auroc": 0.5,
      "auprc": 0.8457354758961682,
      "fpr_at_95_tpr": 1.0
    },
    "expected_entropy": {
      "auroc": 0.6382758452694144,
      "auprc": 0.8289684512180744,
      "fpr_at_95_tpr": 0.4935897435897436
    },
    "softmax_variance_sum": {
      "auroc": 0.5,
      "auprc": 0.8457354758961682,
      "fpr_at_95_tpr": 1.0
    },
    "softmax_variance_max": {
      "auroc": 0.5,
      "auprc": 0.8457354758961682,
      "fpr_at_95_tpr": 1.0
    },
    "softmax_quantile_range_sum": {
      "auroc": 0.5,
      "auprc": 0.8457354758961682,
      "fpr_at_95_tpr": 1.0
    },
    "softmax_quantile_range_max": {
      "auroc": 0.5,
      "auprc": 0.8457354758961682,
      "fpr_at_95_tpr": 1.0
    }
  }
}