{
  "bloodmnist": {
    "predictive_entropy": {
      "auroc": 0.5512600341780406,
      "auprc": 0.8585902079392498,
      "fpr_at_95_tpr": 0.8974358974358975
    },
    "one_minus_max_softmax": {
      "auroc": 0.5512602684025514,
      "auprc": 0.8586479943544938,
      "fpr_at_95_tpr": 0.8974358974358975
    },
    "mutual_information": {
      "auroc": 0.5,
      "auprc": 0.8457354758961682,
      "fpr_at_95_tpr": 1.0
    },
    "expected_entropy": {
      "auroc": 0.5512600341780406,
      "auprc": 0.8585902079392498,
      "fpr_at_95_tpr": 0.8974358974358975
    },
    "softmax_variance_sum": {
      "auroc": 0.5,
      "auprc": 0.8457354758961682,
      "fpr_at_95_tpr": 1.0
    },
    "softmax_variance_max": {
      "auroc": 0.5,
      "auprc": 0.8457354758961682,
      "fpr_at_95_tpr": 1.0
    },
    "softmax_quantile_range_sum": {
      "auroc": 0.5,
      "auprc": 0.8457354758961682,
      "fpr_at_95_tpr": 1.0
    },
    "softmax_quantile_range_max": {
      "auroc": 0.5,
      "auprc": 0.8457354758961682,
      "fpr_at_95_tpr": 1.0
    }
  }
}