{
  "tail_0": {
    "predictive_entropy": {
      "auroc": 0.8697348235809775,
      "auprc": 0.7822024297457193,
      "fpr_at_95_tpr": 0.6256410256410256
    },
    "one_minus_max_softmax": {
      "auroc": 0.8697348235809775,
      "auprc": 0.7822024297457193,
      "fpr_at_95_tpr": 0.6256410256410256
    },
    "mutual_information": {
      "auroc": 0.9370699101468333,
      "auprc": 0.9084196771326475,
      "fpr_at_95_tpr": 0.2923076923076923
    },
    "expected_entropy": {
      "auroc": 0.5517203594126672,
      "auprc": 0.38946371141602326,
      "fpr_at_95_tpr": 0.9512820512820512
    },
    "softmax_variance_sum": {
      "auroc": 0.9257944334867412,
      "auprc": 0.8909539507638209,
      "fpr_at_95_tpr": 0.3384615384615385
    },
    "softmax_variance_max": {
      "auroc": 0.9257944334867412,
      "auprc": 0.8909539507638209,
      "fpr_at_95_tpr": 0.3384615384615385
    },
    "softmax_quantile_range_sum": {
      "auroc": 0.9186061801446418,
      "auprc": 0.864978108508779,
      "fpr_at_95_tpr": 0.29743589743589743
    },
    "softmax_quantile_range_max": {
      "auroc": 0.9186061801446418,
      "auprc": 0.864978108508779,
      "fpr_at_95_tpr": 0.29743589743589743
    },
    "expected_pairwise_kl": {
      "auroc": 0.9417488494411572,
      "auprc": 0.9117669120297391,
      "fpr_at_95_tpr": 0.24102564102564103
    },
    "logit_variance_sum": {
      "auroc": 0.9144422529037913,
      "auprc": 0.8769137118877682,
      "fpr_at_95_tpr": 0.37948717948717947
    },
    "logit_variance_max": {
      "auroc": 0.9144422529037913,
      "auprc": 0.8769137118877682,
      "fpr_at_95_tpr": 0.37948717948717947
    }
  }
}