{
  "bloodmnist": {
    "predictive_entropy": {
      "auroc": 0.01769378799121563,
      "auprc": 0.6623396565263718,
      "fpr_at_95_tpr": 0.9935897435897436
    },
    "one_minus_max_softmax": {
      "auroc": 0.017693319542194125,
      "auprc": 0.6623414768715462,
      "fpr_at_95_tpr": 0.9935897435897436
    },
    "mutual_information": {
      "auroc": 0.5,
      "auprc": 0.8457354758961682,
      "fpr_at_95_tpr": 1.0
    },
    "expected_entropy": {
      "auroc": 0.01769378799121563,
      "auprc": 0.6623396565263718,
      "fpr_at_95_tpr": 0.9935897435897436
    },
    "softmax_variance_sum": {
      "auroc": 0.5,
      "auprc": 0.8457354758961682,
      "fpr_at_95_tpr": 1.0
    },
    "softmax_variance_max": {
      "auroc": 0.5,
      "auprc": 0.8457354758961682,
      "fpr_at_95_tpr": 1.0
    },
    "softmax_quantile_range_sum": {
      "auroc": 0.5,
      "auprc": 0.8457354758961682,
      "fpr_at_95_tpr": 1.0
    },
    "softmax_quantile_range_max": {
      "auroc": 0.5,
      "auprc": 0.8457354758961682,
      "fpr_at_95_tpr": 1.0
    }
  }
}