{
  "tail_0": {
    "predictive_entropy": {
      "auroc": 0.8659325005478853,
      "auprc": 0.8281608059913792,
      "fpr_at_95_tpr": 0.7461538461538462
    },
    "one_minus_max_softmax": {
      "auroc": 0.8659325005478853,
      "auprc": 0.8281608059913792,
      "fpr_at_95_tpr": 0.7461538461538462
    },
    "mutual_information": {
      "auroc": 0.8958799035722114,
      "auprc": 0.8781342685302493,
      "fpr_at_95_tpr": 0.5641025641025641
    },
    "expected_entropy": {
      "auroc": 0.7646175761560379,
      "auprc": 0.6418570247905303,
      "fpr_at_95_tpr": 0.9076923076923077
    },
    "softmax_variance_sum": {
      "auroc": 0.8908941485864563,
      "auprc": 0.8710165754238917,
      "fpr_at_95_tpr": 0.5564102564102564
    },
    "softmax_variance_max": {
      "auroc": 0.8908941485864563,
      "auprc": 0.8710165754238917,
      "fpr_at_95_tpr": 0.5564102564102564
    },
    "softmax_quantile_range_sum": {
      "auroc": 0.8937760245452553,
      "auprc": 0.8711784056287472,
      "fpr_at_95_tpr": 0.6282051282051282
    },
    "softmax_quantile_range_max": {
      "auroc": 0.8937760245452553,
      "auprc": 0.8711784056287472,
      "fpr_at_95_tpr": 0.6282051282051282
    },
    "expected_pairwise_kl": {
      "auroc": 0.8928774928774927,
      "auprc": 0.877297860652643,
      "fpr_at_95_tpr": 0.6230769230769231
    },
    "logit_variance_sum": {
      "auroc": 0.9036598728906421,
      "auprc": 0.87985881540427,
      "fpr_at_95_tpr": 0.43333333333333335
    },
    "logit_variance_max": {
      "auroc": 0.9036598728906421,
      "auprc": 0.87985881540427,
      "fpr_at_95_tpr": 0.43333333333333335
    }
  }
}