{
  "mean_sigma": 0.21316038072109222,
  "max_sigma": 0.2166585773229599,
  "sigma_norm": 3.4510700702667236,
  "train_size": 1000
}