{
  "organamnist": {
    "predictive_entropy": {
      "auroc": 0.9045987135497346,
      "auprc": 0.9934696732261982,
      "fpr_at_95_tpr": 0.21955128205128205
    },
    "one_minus_max_softmax": {
      "auroc": 0.9045988036928385,
      "auprc": 0.9934697236433025,
      "fpr_at_95_tpr": 0.21955128205128205
    },
    "mutual_information": {
      "auroc": 0.9376175916791425,
      "auprc": 0.997108008859411,
      "fpr_at_95_tpr": 0.20512820512820512
    },
    "expected_entropy": {
      "auroc": 0.809170339096723,
      "auprc": 0.9812329945705482,
      "fpr_at_95_tpr": 0.3317307692307692
    },
    "softmax_variance_sum": {
      "auroc": 0.9283391169148847,
      "auprc": 0.9965299541890801,
      "fpr_at_95_tpr": 0.21314102564102563
    },
    "softmax_variance_max": {
      "auroc": 0.9283391169148847,
      "auprc": 0.9965299542230439,
      "fpr_at_95_tpr": 0.21314102564102563
    },
    "softmax_quantile_range_sum": {
      "auroc": 0.9405366958153408,
      "auprc": 0.9973550879613617,
      "fpr_at_95_tpr": 0.21634615384615385
    },
    "softmax_quantile_range_max": {
      "auroc": 0.9405388592498363,
      "auprc": 0.9973553396895569,
      "fpr_at_95_tpr": 0.21634615384615385
    },
    "expected_pairwise_kl": {
      "auroc": 0.9613592570477485,
      "auprc": 0.9984243302886148,
      "fpr_at_95_tpr": 0.20833333333333334
    },
    "logit_variance_sum": {
      "auroc": 0.8327534427454273,
      "auprc": 0.9784027006243643,
      "fpr_at_95_tpr": 0.2916666666666667
    },
    "logit_variance_max": {
      "auroc": 0.8327405522815581,
      "auprc": 0.9784008024353688,
      "fpr_at_95_tpr": 0.2916666666666667
    }
  }
}