{
  "organamnist": {
    "predictive_entropy": {
      "auroc": 0.4910913373198219,
      "auprc": 0.9586752029987093,
      "fpr_at_95_tpr": 0.7948717948717948
    },
    "one_minus_max_softmax": {
      "auroc": 0.4910912471767179,
      "auprc": 0.9586642675379545,
      "fpr_at_95_tpr": 0.7948717948717948
    },
    "mutual_information": {
      "auroc": 0.5,
      "auprc": 0.9660906423214868,
      "fpr_at_95_tpr": 1.0
    },
    "expected_entropy": {
      "auroc": 0.4910913373198219,
      "auprc": 0.9586752029987093,
      "fpr_at_95_tpr": 0.7948717948717948
    },
    "softmax_variance_sum": {
      "auroc": 0.5,
      "auprc": 0.9660906423214868,
      "fpr_at_95_tpr": 1.0
    },
    "softmax_variance_max": {
      "auroc": 0.5,
      "auprc": 0.9660906423214868,
      "fpr_at_95_tpr": 1.0
    },
    "softmax_quantile_range_sum": {
      "auroc": 0.5,
      "auprc": 0.9660906423214868,
      "fpr_at_95_tpr": 1.0
    },
    "softmax_quantile_range_max": {
      "auroc": 0.5,
      "auprc": 0.9660906423214868,
      "fpr_at_95_tpr": 1.0
    }
  }
}