{
  "tail_0": {
    "predictive_entropy": {
      "auroc": 0.8151983344291038,
      "auprc": 0.8018978158676344,
      "fpr_at_95_tpr": 0.9641025641025641
    },
    "one_minus_max_softmax": {
      "auroc": 0.8151983344291037,
      "auprc": 0.8018978158676345,
      "fpr_at_95_tpr": 0.9641025641025641
    },
    "mutual_information": {
      "auroc": 0.5,
      "auprc": 0.375,
      "fpr_at_95_tpr": 1.0
    },
    "expected_entropy": {
      "auroc": 0.8151983344291038,
      "auprc": 0.8018978158676344,
      "fpr_at_95_tpr": 0.9641025641025641
    },
    "softmax_variance_sum": {
      "auroc": 0.5,
      "auprc": 0.375,
      "fpr_at_95_tpr": 1.0
    },
    "softmax_variance_max": {
      "auroc": 0.5,
      "auprc": 0.375,
      "fpr_at_95_tpr": 1.0
    },
    "softmax_quantile_range_sum": {
      "auroc": 0.5,
      "auprc": 0.375,
      "fpr_at_95_tpr": 1.0
    },
    "softmax_quantile_range_max": {
      "auroc": 0.5,
      "auprc": 0.375,
      "fpr_at_95_tpr": 1.0
    }
  }
}