{
  "bloodmnist": {
    "predictive_entropy": {
      "auroc": 0.7807138600948891,
      "auprc": 0.9344759349263448,
      "fpr_at_95_tpr": 0.5625
    },
    "one_minus_max_softmax": {
      "auroc": 0.7807133916458676,
      "auprc": 0.9344747878321501,
      "fpr_at_95_tpr": 0.5625
    },
    "mutual_information": {
      "auroc": 0.8192807995862659,
      "auprc": 0.9581982289187067,
      "fpr_at_95_tpr": 0.5641025641025641
    },
    "expected_entropy": {
      "auroc": 0.7152223446435665,
      "auprc": 0.8787233654454123,
      "fpr_at_95_tpr": 0.6201923076923077
    },
    "softmax_variance_sum": {
      "auroc": 0.8105343879057706,
      "auprc": 0.9546058811964706,
      "fpr_at_95_tpr": 0.5641025641025641
    },
    "softmax_variance_max": {
      "auroc": 0.8105343879057706,
      "auprc": 0.9546058811964706,
      "fpr_at_95_tpr": 0.5641025641025641
    },
    "softmax_quantile_range_sum": {
      "auroc": 0.8065916867162848,
      "auprc": 0.9542774725156536,
      "fpr_at_95_tpr": 0.6217948717948718
    },
    "softmax_quantile_range_max": {
      "auroc": 0.8065914524917741,
      "auprc": 0.9542773812014189,
      "fpr_at_95_tpr": 0.6217948717948718
    },
    "expected_pairwise_kl": {
      "auroc": 0.8307751332269018,
      "auprc": 0.9619373741765473,
      "fpr_at_95_tpr": 0.5448717948717948
    },
    "logit_variance_sum": {
      "auroc": 0.8776073872536894,
      "auprc": 0.9693575053481301,
      "fpr_at_95_tpr": 0.4230769230769231
    },
    "logit_variance_max": {
      "auroc": 0.877606918804668,
      "auprc": 0.9693574258544877,
      "fpr_at_95_tpr": 0.4230769230769231
    }
  }
}