{
  "bloodmnist": {
    "predictive_entropy": {
      "auroc": 0.9585813770902195,
      "auprc": 0.9895408987480889,
      "fpr_at_95_tpr": 0.20032051282051283
    },
    "one_minus_max_softmax": {
      "auroc": 0.9585813770902195,
      "auprc": 0.9895409197879252,
      "fpr_at_95_tpr": 0.20032051282051283
    },
    "mutual_information": {
      "auroc": 0.5,
      "auprc": 0.8457354758961682,
      "fpr_at_95_tpr": 1.0
    },
    "expected_entropy": {
      "auroc": 0.9585813770902195,
      "auprc": 0.9895408987480889,
      "fpr_at_95_tpr": 0.20032051282051283
    },
    "softmax_variance_sum": {
      "auroc": 0.5,
      "auprc": 0.8457354758961682,
      "fpr_at_95_tpr": 1.0
    },
    "softmax_variance_max": {
      "auroc": 0.5,
      "auprc": 0.8457354758961682,
      "fpr_at_95_tpr": 1.0
    },
    "softmax_quantile_range_sum": {
      "auroc": 0.5,
      "auprc": 0.8457354758961682,
      "fpr_at_95_tpr": 1.0
    },
    "softmax_quantile_range_max": {
      "auroc": 0.5,
      "auprc": 0.8457354758961682,
      "fpr_at_95_tpr": 1.0
    }
  }
}