{
  "bloodmnist": {
    "predictive_entropy": {
      "auroc": 0.6337049539420921,
      "auprc": 0.8905179933857658,
      "fpr_at_95_tpr": 0.9423076923076923
    },
    "one_minus_max_softmax": {
      "auroc": 0.6337150255960546,
      "auprc": 0.8905269435646068,
      "fpr_at_95_tpr": 0.9423076923076923
    },
    "mutual_information": {
      "auroc": 0.4590442047234652,
      "auprc": 0.8139908641525828,
      "fpr_at_95_tpr": 0.8974358974358975
    },
    "expected_entropy": {
      "auroc": 0.5607414423732751,
      "auprc": 0.8585727257115654,
      "fpr_at_95_tpr": 0.8782051282051282
    },
    "softmax_variance_sum": {
      "auroc": 0.46434400272824716,
      "auprc": 0.8174844515923128,
      "fpr_at_95_tpr": 0.8894230769230769
    },
    "softmax_variance_max": {
      "auroc": 0.4643440027282471,
      "auprc": 0.817484425336201,
      "fpr_at_95_tpr": 0.8894230769230769
    },
    "softmax_quantile_range_sum": {
      "auroc": 0.5362378109564605,
      "auprc": 0.8288799388940189,
      "fpr_at_95_tpr": 0.8189102564102564
    },
    "softmax_quantile_range_max": {
      "auroc": 0.5362378109564605,
      "auprc": 0.8288803085858023,
      "fpr_at_95_tpr": 0.8189102564102564
    },
    "expected_pairwise_kl": {
      "auroc": 0.4546649090459379,
      "auprc": 0.81037339586565,
      "fpr_at_95_tpr": 0.9022435897435898
    },
    "logit_variance_sum": {
      "auroc": 0.4122370127193278,
      "auprc": 0.7927804335625201,
      "fpr_at_95_tpr": 0.8990384615384616
    },
    "logit_variance_max": {
      "auroc": 0.41223654427030637,
      "auprc": 0.7927807109305152,
      "fpr_at_95_tpr": 0.8990384615384616
    }
  }
}