{
  "mean_sigma": 0.026891330257058144,
  "max_sigma": 0.027529723942279816,
  "sigma_norm": 0.8658459186553955,
  "train_size": 100
}