{
  "organamnist": {
    "predictive_entropy": {
      "auroc": 0.6825181512154175,
      "auprc": 0.981336764010449,
      "fpr_at_95_tpr": 0.7307692307692307
    },
    "one_minus_max_softmax": {
      "auroc": 0.6825181061438655,
      "auprc": 0.9813367335703769,
      "fpr_at_95_tpr": 0.7307692307692307
    },
    "mutual_information": {
      "auroc": 0.7867154665374375,
      "auprc": 0.990554663820059,
      "fpr_at_95_tpr": 0.6682692307692307
    },
    "expected_entropy": {
      "auroc": 0.5492117796844846,
      "auprc": 0.9597858127487822,
      "fpr_at_95_tpr": 0.8814102564102564
    },
    "softmax_variance_sum": {
      "auroc": 0.7645283640685261,
      "auprc": 0.9891053609703213,
      "fpr_at_95_tpr": 0.6762820512820513
    },
    "softmax_variance_max": {
      "auroc": 0.7645283640685261,
      "auprc": 0.9891053608894164,
      "fpr_at_95_tpr": 0.6762820512820513
    },
    "softmax_quantile_range_sum": {
      "auroc": 0.7259657301158735,
      "auprc": 0.9878358500924208,
      "fpr_at_95_tpr": 0.9439102564102564
    },
    "softmax_quantile_range_max": {
      "auroc": 0.7259657301158735,
      "auprc": 0.9878358507875654,
      "fpr_at_95_tpr": 0.9439102564102564
    },
    "expected_pairwise_kl": {
      "auroc": 0.8233255557863219,
      "auprc": 0.9924552695838789,
      "fpr_at_95_tpr": 0.6105769230769231
    },
    "logit_variance_sum": {
      "auroc": 0.9433497465897062,
      "auprc": 0.9979069317444971,
      "fpr_at_95_tpr": 0.40064102564102566
    },
    "logit_variance_max": {
      "auroc": 0.9433492958741863,
      "auprc": 0.9979069143984338,
      "fpr_at_95_tpr": 0.40064102564102566
    }
  }
}