{
  "bloodmnist": {
    "predictive_entropy": {
      "auroc": 0.4711475220920559,
      "auprc": 0.8339665319753007,
      "fpr_at_95_tpr": 0.9887820512820513
    },
    "one_minus_max_softmax": {
      "auroc": 0.47114728786754506,
      "auprc": 0.8340145825217014,
      "fpr_at_95_tpr": 0.9887820512820513
    },
    "mutual_information": {
      "auroc": 0.5,
      "auprc": 0.8457354758961682,
      "fpr_at_95_tpr": 1.0
    },
    "expected_entropy": {
      "auroc": 0.4711475220920559,
      "auprc": 0.8339665319753007,
      "fpr_at_95_tpr": 0.9887820512820513
    },
    "softmax_variance_sum": {
      "auroc": 0.5,
      "auprc": 0.8457354758961682,
      "fpr_at_95_tpr": 1.0
    },
    "softmax_variance_max": {
      "auroc": 0.5,
      "auprc": 0.8457354758961682,
      "fpr_at_95_tpr": 1.0
    },
    "softmax_quantile_range_sum": {
      "auroc": 0.5,
      "auprc": 0.8457354758961682,
      "fpr_at_95_tpr": 1.0
    },
    "softmax_quantile_range_max": {
      "auroc": 0.5,
      "auprc": 0.8457354758961682,
      "fpr_at_95_tpr": 1.0
    }
  }
}