{
  "organamnist": {
    "predictive_entropy": {
      "auroc": 0.4084667992130867,
      "auprc": 0.9596807394591913,
      "fpr_at_95_tpr": 0.9743589743589743
    },
    "one_minus_max_softmax": {
      "auroc": 0.40846688935619074,
      "auprc": 0.9596840284290915,
      "fpr_at_95_tpr": 0.9743589743589743
    },
    "mutual_information": {
      "auroc": 0.6768000586290748,
      "auprc": 0.9840449515232026,
      "fpr_at_95_tpr": 0.9358974358974359
    },
    "expected_entropy": {
      "auroc": 0.40221068751063693,
      "auprc": 0.9570636871678858,
      "fpr_at_95_tpr": 0.9743589743589743
    },
    "softmax_variance_sum": {
      "auroc": 0.5744450429946548,
      "auprc": 0.9778885963872517,
      "fpr_at_95_tpr": 0.9647435897435898
    },
    "softmax_variance_max": {
      "auroc": 0.5744451331377589,
      "auprc": 0.9778886028183623,
      "fpr_at_95_tpr": 0.9647435897435898
    },
    "softmax_quantile_range_sum": {
      "auroc": 0.5764243151287531,
      "auprc": 0.9780642063171161,
      "fpr_at_95_tpr": 0.9647435897435898
    },
    "softmax_quantile_range_max": {
      "auroc": 0.5764244503434092,
      "auprc": 0.9780642141145148,
      "fpr_at_95_tpr": 0.9647435897435898
    }
  }
}